,degree_num,degree_type_num,gene
0,30,4,G:HGNC:7
1,34,4,G:HGNC:13666
2,34,4,G:HGNC:20
3,19,4,G:HGNC:21022
4,16,4,G:HGNC:17366
5,51,4,G:HGNC:23
6,82,4,G:HGNC:29
7,24,4,G:HGNC:33
8,25,4,G:HGNC:34
9,22,4,G:HGNC:35
10,48,4,G:HGNC:37
11,51,4,G:HGNC:14637
12,38,4,G:HGNC:47
13,42,4,G:HGNC:48
14,38,4,G:HGNC:42
15,73,4,G:HGNC:57
16,21,4,G:HGNC:59
17,31,4,G:HGNC:60
18,51,4,G:HGNC:61
19,26,4,G:HGNC:67
20,17,4,G:HGNC:68
21,32,4,G:HGNC:13886
22,90,4,G:HGNC:13887
23,57,4,G:HGNC:21396
24,38,4,G:HGNC:15868
25,177,4,G:HGNC:76
26,18,4,G:HGNC:21497
27,23,4,G:HGNC:89
28,15,4,G:HGNC:90
29,39,4,G:HGNC:91
30,29,4,G:HGNC:92
31,32,4,G:HGNC:319
32,36,4,G:HGNC:93
33,23,4,G:HGNC:25070
34,58,4,G:HGNC:2707
35,41,4,G:HGNC:16066
36,29,4,G:HGNC:15919
37,128,4,G:HGNC:119
38,19,4,G:HGNC:120
39,14,4,G:HGNC:14376
40,94,4,G:HGNC:3571
41,58,4,G:HGNC:129
42,24,4,G:HGNC:130
43,172,4,G:HGNC:132
44,38,4,G:HGNC:143
45,85,4,G:HGNC:144
46,72,4,G:HGNC:164
47,136,4,G:HGNC:166
48,100,4,G:HGNC:171
49,85,4,G:HGNC:175
50,33,4,G:HGNC:177
51,77,4,G:HGNC:188
52,130,4,G:HGNC:195
53,26,4,G:HGNC:201
54,14,4,G:HGNC:218
55,35,4,G:HGNC:1366
56,39,4,G:HGNC:17109
57,24,4,G:HGNC:17110
58,16,4,G:HGNC:19706
59,91,4,G:HGNC:225
60,42,4,G:HGNC:232
61,39,4,G:HGNC:236
62,43,4,G:HGNC:237
63,39,4,G:HGNC:245
64,20,4,G:HGNC:3337
65,34,4,G:HGNC:4512
66,15,4,G:HGNC:4516
67,22,4,G:HGNC:13841
68,13,4,G:HGNC:251
69,50,4,G:HGNC:257
70,37,4,G:HGNC:15766
71,19,4,G:HGNC:21304
72,61,4,G:HGNC:282
73,32,4,G:HGNC:288
74,18,4,G:HGNC:291
75,23,4,G:HGNC:20093
76,57,4,G:HGNC:3776
77,75,4,G:HGNC:17869
78,29,4,G:HGNC:315
79,15,4,G:HGNC:317
80,76,4,G:HGNC:26147
81,46,4,G:HGNC:21869
82,32,4,G:HGNC:321
83,18,4,G:HGNC:325
84,46,4,G:HGNC:327
85,48,4,G:HGNC:329
86,19,4,G:HGNC:330
87,103,4,G:HGNC:333
88,43,4,G:HGNC:336
89,35,4,G:HGNC:341
90,7,4,G:HGNC:25230
91,60,4,G:HGNC:21575
92,35,4,G:HGNC:13203
93,37,4,G:HGNC:8768
94,44,4,G:HGNC:10648
95,20,4,G:HGNC:20609
96,53,4,G:HGNC:358
97,28,4,G:HGNC:359
98,30,4,G:HGNC:361
99,75,4,G:HGNC:362
100,14,4,G:HGNC:20091
101,44,4,G:HGNC:379
102,27,4,G:HGNC:385
103,40,4,G:HGNC:388
104,226,4,G:HGNC:391
105,76,4,G:HGNC:392
106,70,4,G:HGNC:393
107,49,4,G:HGNC:395
108,62,4,G:HGNC:409
109,26,4,G:HGNC:404
110,15,4,G:HGNC:406
111,65,4,G:HGNC:408
112,59,4,G:HGNC:7179
113,31,4,G:HGNC:877
114,33,4,G:HGNC:9722
115,151,4,G:HGNC:414
116,24,4,G:HGNC:417
117,85,4,G:HGNC:18294
118,30,4,G:HGNC:23159
119,19,4,G:HGNC:23056
120,30,4,G:HGNC:23161
121,108,4,G:HGNC:15672
122,15,4,G:HGNC:19358
123,17,4,G:HGNC:30881
124,100,4,G:HGNC:28287
125,24,4,G:HGNC:428
126,30,4,G:HGNC:17574
127,27,4,G:HGNC:438
128,49,4,G:HGNC:443
129,22,4,G:HGNC:451
130,31,4,G:HGNC:461
131,108,4,G:HGNC:26837
132,24,4,G:HGNC:467
133,13,4,G:HGNC:468
134,19,4,G:HGNC:469
135,37,4,G:HGNC:470
136,11,4,G:HGNC:473
137,106,4,G:HGNC:491
138,22,4,G:HGNC:16039
139,79,4,G:HGNC:492
140,77,4,G:HGNC:493
141,67,4,G:HGNC:494
142,37,4,G:HGNC:15492
143,19,4,G:HGNC:29101
144,51,4,G:HGNC:21316
145,15,4,G:HGNC:29186
146,16,4,G:HGNC:26724
147,25,4,G:HGNC:14082
148,16,4,G:HGNC:14004
149,13,4,G:HGNC:27337
150,42,4,G:HGNC:21014
151,74,4,G:HGNC:21732
152,57,4,G:HGNC:543
153,55,4,G:HGNC:535
154,61,4,G:HGNC:559
155,29,4,G:HGNC:560
156,75,4,G:HGNC:18971
157,27,4,G:HGNC:565
158,56,4,G:HGNC:566
159,34,4,G:HGNC:567
160,53,4,G:HGNC:568
161,16,4,G:HGNC:572
162,20,4,G:HGNC:573
163,24,4,G:HGNC:575
164,51,4,G:HGNC:22197
165,76,4,G:HGNC:583
166,46,4,G:HGNC:24036
167,30,4,G:HGNC:15718
168,86,4,G:HGNC:603
169,33,4,G:HGNC:619
170,29,4,G:HGNC:14867
171,235,4,G:HGNC:620
172,80,4,G:HGNC:24035
173,24,4,G:HGNC:626
174,63,4,G:HGNC:15984
175,37,4,G:HGNC:634
176,183,4,G:HGNC:644
177,42,4,G:HGNC:649
178,139,4,G:HGNC:652
179,44,4,G:HGNC:15853
180,27,4,G:HGNC:17073
181,48,4,G:HGNC:29216
182,82,4,G:HGNC:678
183,86,4,G:HGNC:682
184,14,4,G:HGNC:14561
185,17,4,G:HGNC:14103
186,45,4,G:HGNC:17090
187,136,4,G:HGNC:11110
188,46,4,G:HGNC:18040
189,52,4,G:HGNC:18037
190,31,4,G:HGNC:17146
191,33,4,G:HGNC:13210
192,92,4,G:HGNC:697
193,63,4,G:HGNC:25419
194,26,4,G:HGNC:16876
195,49,4,G:HGNC:704
196,15,4,G:HGNC:710
197,38,4,G:HGNC:713
198,47,4,G:HGNC:714
199,47,4,G:HGNC:719
200,26,4,G:HGNC:18060
201,28,4,G:HGNC:735
202,40,4,G:HGNC:24268
203,88,4,G:HGNC:738
204,109,4,G:HGNC:19088
205,31,4,G:HGNC:753
206,64,4,G:HGNC:757
207,34,4,G:HGNC:19048
208,61,4,G:HGNC:758
209,58,4,G:HGNC:18318
210,64,4,G:HGNC:23805
211,40,4,G:HGNC:29357
212,17,4,G:HGNC:25903
213,15,4,G:HGNC:25567
214,59,4,G:HGNC:791
215,50,4,G:HGNC:589
216,47,4,G:HGNC:794
217,23,4,G:HGNC:11231
218,90,4,G:HGNC:24526
219,139,4,G:HGNC:795
220,26,4,G:HGNC:3033
221,84,4,G:HGNC:799
222,89,4,G:HGNC:800
223,50,4,G:HGNC:801
224,112,4,G:HGNC:812
225,37,4,G:HGNC:816
226,25,4,G:HGNC:13211
227,81,4,G:HGNC:868
228,30,4,G:HGNC:18305
229,71,4,G:HGNC:851
230,56,4,G:HGNC:853
231,65,4,G:HGNC:854
232,27,4,G:HGNC:857
233,61,4,G:HGNC:18481
234,127,4,G:HGNC:869
235,32,4,G:HGNC:13533
236,51,4,G:HGNC:3706
237,29,4,G:HGNC:13554
238,56,4,G:HGNC:30213
239,8,4,G:HGNC:18802
240,41,4,G:HGNC:882
241,59,4,G:HGNC:886
242,163,4,G:HGNC:10548
243,71,4,G:HGNC:10555
244,148,4,G:HGNC:7106
245,48,4,G:HGNC:10560
246,13,4,G:HGNC:890
247,21,4,G:HGNC:14262
248,57,4,G:HGNC:904
249,107,4,G:HGNC:914
250,53,4,G:HGNC:28596
251,54,4,G:HGNC:15629
252,115,4,G:HGNC:924
253,70,4,G:HGNC:930
254,44,4,G:HGNC:939
255,35,4,G:HGNC:950
256,32,4,G:HGNC:966
257,39,4,G:HGNC:967
258,77,4,G:HGNC:969
259,62,4,G:HGNC:970
260,36,4,G:HGNC:18758
261,39,4,G:HGNC:30000
262,59,4,G:HGNC:26291
263,11,4,G:HGNC:26648
264,32,4,G:HGNC:6722
265,34,4,G:HGNC:16695
266,14,4,G:HGNC:986
267,13,4,G:HGNC:987
268,92,4,G:HGNC:989
269,38,4,G:HGNC:13221
270,84,4,G:HGNC:13222
271,49,4,G:HGNC:20893
272,60,4,G:HGNC:1014
273,17,4,G:HGNC:1020
274,52,4,G:HGNC:1033
275,14,4,G:HGNC:1040
276,14,4,G:HGNC:1041
277,35,4,G:HGNC:1044
278,29,4,G:HGNC:16617
279,25,4,G:HGNC:19351
280,108,4,G:HGNC:17208
281,50,4,G:HGNC:1052
282,67,4,G:HGNC:1058
283,16,4,G:HGNC:14211
284,72,4,G:HGNC:20914
285,71,4,G:HGNC:8549
286,20,4,G:HGNC:1062
287,29,4,G:HGNC:1067
288,144,4,G:HGNC:1069
289,180,4,G:HGNC:1071
290,15,4,G:HGNC:24154
291,53,4,G:HGNC:1077
292,137,4,G:HGNC:1078
293,37,4,G:HGNC:23505
294,20,4,G:HGNC:24415
295,73,4,G:HGNC:3581
296,32,4,G:HGNC:1097
297,24,4,G:HGNC:21701
298,109,4,G:HGNC:1100
299,64,4,G:HGNC:1101
300,20,4,G:HGNC:1105
301,19,4,G:HGNC:11551
302,37,4,G:HGNC:20473
303,52,4,G:HGNC:14255
304,38,4,G:HGNC:17342
305,61,4,G:HGNC:15832
306,34,4,G:HGNC:16512
307,49,4,G:HGNC:1133
308,31,4,G:HGNC:1149
309,99,4,G:HGNC:1152
310,28,4,G:HGNC:1241
311,19,4,G:HGNC:1242
312,63,4,G:HGNC:1243
313,24,4,G:HGNC:1246
314,21,4,G:HGNC:1247
315,17,4,G:HGNC:1248
316,22,4,G:HGNC:24564
317,143,4,G:HGNC:1318
318,26,4,G:HGNC:1331
319,45,4,G:HGNC:1352
320,66,4,G:HGNC:27232
321,33,4,G:HGNC:28337
322,16,4,G:HGNC:29521
323,45,4,G:HGNC:26784
324,34,4,G:HGNC:25443
325,8,4,G:HGNC:1377
326,61,4,G:HGNC:1382
327,32,4,G:HGNC:1371
328,11,4,G:HGNC:1385
329,106,4,G:HGNC:1386
330,51,4,G:HGNC:1388
331,51,4,G:HGNC:1389
332,86,4,G:HGNC:1390
333,37,4,G:HGNC:1391
334,33,4,G:HGNC:1394
335,23,4,G:HGNC:1397
336,13,4,G:HGNC:20202
337,17,4,G:HGNC:1404
338,86,4,G:HGNC:1424
339,134,4,G:HGNC:1442
340,104,4,G:HGNC:1445
341,203,4,G:HGNC:1455
342,77,4,G:HGNC:1460
343,33,4,G:HGNC:1461
344,25,4,G:HGNC:18806
345,25,4,G:HGNC:19721
346,44,4,G:HGNC:1476
347,53,4,G:HGNC:1480
348,41,4,G:HGNC:16393
349,14,4,G:HGNC:16446
350,11,4,G:HGNC:25695
351,52,4,G:HGNC:1497
352,98,4,G:HGNC:1509
353,48,4,G:HGNC:1500
354,18,4,G:HGNC:1502
355,32,4,G:HGNC:1512
356,33,4,G:HGNC:1513
357,58,4,G:HGNC:1514
358,20,4,G:HGNC:1515
359,199,4,G:HGNC:1527
360,101,4,G:HGNC:9688
361,63,4,G:HGNC:1539
362,74,4,G:HGNC:1541
363,110,4,G:HGNC:1550
364,71,4,G:HGNC:1552
365,19,4,G:HGNC:30237
366,37,4,G:HGNC:29253
367,82,4,G:HGNC:29426
368,14,4,G:HGNC:25367
369,23,4,G:HGNC:28909
370,30,4,G:HGNC:18111
371,26,4,G:HGNC:29937
372,54,4,G:HGNC:25523
373,50,4,G:HGNC:19967
374,19,4,G:HGNC:32700
375,50,4,G:HGNC:28178
376,12,4,G:HGNC:28303
377,44,4,G:HGNC:28033
378,42,4,G:HGNC:12771
379,258,4,G:HGNC:1582
380,195,4,G:HGNC:1583
381,50,4,G:HGNC:1596
382,20,4,G:HGNC:18576
383,25,4,G:HGNC:28434
384,37,4,G:HGNC:1618
385,74,4,G:HGNC:1673
386,72,4,G:HGNC:1674
387,23,4,G:HGNC:1706
388,32,4,G:HGNC:1633
389,22,4,G:HGNC:11922
390,128,4,G:HGNC:1663
391,43,4,G:HGNC:11919
392,68,4,G:HGNC:6953
393,102,4,G:HGNC:2665
394,83,4,G:HGNC:1689
395,18,4,G:HGNC:1698
396,75,4,G:HGNC:1701
397,32,4,G:HGNC:16892
398,80,4,G:HGNC:1632
399,22,4,G:HGNC:1677
400,15,4,G:HGNC:1713
401,60,4,G:HGNC:1744
402,31,4,G:HGNC:1718
403,102,4,G:HGNC:1736
404,26,4,G:HGNC:1739
405,110,4,G:HGNC:16783
406,30,4,G:HGNC:14628
407,74,4,G:HGNC:1748
408,41,4,G:HGNC:1762
409,13,4,G:HGNC:14550
410,151,4,G:HGNC:1773
411,120,4,G:HGNC:1774
412,44,4,G:HGNC:18672
413,207,4,G:HGNC:1777
414,19,4,G:HGNC:1770
415,57,4,G:HGNC:1733
416,32,4,G:HGNC:11411
417,205,4,G:HGNC:1785
418,38,4,G:HGNC:1786
419,45,4,G:HGNC:1787
420,47,4,G:HGNC:17104
421,84,4,G:HGNC:24576
422,63,4,G:HGNC:1833
423,32,4,G:HGNC:1848
424,43,4,G:HGNC:1856
425,56,4,G:HGNC:1857
426,48,4,G:HGNC:17272
427,38,4,G:HGNC:28209
428,17,4,G:HGNC:12370
429,77,4,G:HGNC:1161
430,26,4,G:HGNC:30794
431,21,4,G:HGNC:25815
432,26,4,G:HGNC:25740
433,16,4,G:HGNC:17966
434,118,4,G:HGNC:24866
435,81,4,G:HGNC:26690
436,75,4,G:HGNC:29086
437,27,4,G:HGNC:29298
438,19,4,G:HGNC:29182
439,59,4,G:HGNC:14253
440,117,4,G:HGNC:2205
441,11,4,G:HGNC:26530
442,14,4,G:HGNC:28188
443,27,4,G:HGNC:1260
444,16,4,G:HGNC:1037
445,16,4,G:HGNC:4883
446,14,4,G:HGNC:4888
447,31,4,G:HGNC:24668
448,21,4,G:HGNC:5394
449,85,4,G:HGNC:1875
450,16,4,G:HGNC:8864
451,67,4,G:HGNC:1884
452,22,4,G:HGNC:20311
453,14,4,G:HGNC:1912
454,17,4,G:HGNC:21645
455,26,4,G:HGNC:15559
456,41,4,G:HGNC:1915
457,23,4,G:HGNC:1917
458,81,4,G:HGNC:1919
459,87,4,G:HGNC:20626
460,126,4,G:HGNC:16627
461,12,4,G:HGNC:1938
462,22,4,G:HGNC:1940
463,59,4,G:HGNC:24537
464,60,4,G:HGNC:16171
465,67,4,G:HGNC:29861
466,87,4,G:HGNC:1952
467,23,4,G:HGNC:1956
468,55,4,G:HGNC:1961
469,38,4,G:HGNC:1966
470,28,4,G:HGNC:1971
471,12,4,G:HGNC:15993
472,17,4,G:HGNC:24464
473,28,4,G:HGNC:24579
474,30,4,G:HGNC:14214
475,24,4,G:HGNC:24229
476,53,4,G:HGNC:7067
477,44,4,G:HGNC:24212
478,57,4,G:HGNC:1985
479,77,4,G:HGNC:1987
480,44,4,G:HGNC:26877
481,23,4,G:HGNC:17412
482,17,4,G:HGNC:2020
483,48,4,G:HGNC:2023
484,49,4,G:HGNC:2025
485,70,4,G:HGNC:2032
486,19,4,G:HGNC:2033
487,11,4,G:HGNC:2035
488,44,4,G:HGNC:2037
489,22,4,G:HGNC:2040
490,81,4,G:HGNC:14558
491,20,4,G:HGNC:2063
492,73,4,G:HGNC:13517
493,37,4,G:HGNC:24039
494,55,4,G:HGNC:2074
495,22,4,G:HGNC:2076
496,29,4,G:HGNC:2077
497,116,4,G:HGNC:2079
498,21,4,G:HGNC:16999
499,89,4,G:HGNC:30664
500,39,4,G:HGNC:2084
501,55,4,G:HGNC:2088
502,176,4,G:HGNC:13164
503,24,4,G:HGNC:2150
504,44,4,G:HGNC:2151
505,22,4,G:HGNC:19701
506,67,4,G:HGNC:103
507,98,4,G:HGNC:105
508,9,4,G:HGNC:11968
509,25,4,G:HGNC:8011
510,49,4,G:HGNC:13830
511,14,4,G:HGNC:33848
512,11,4,G:HGNC:18025
513,46,4,G:HGNC:29932
514,35,4,G:HGNC:2180
515,16,4,G:HGNC:6546
516,14,4,G:HGNC:18620
517,33,4,G:HGNC:18621
518,82,4,G:HGNC:2197
519,69,4,G:HGNC:2198
520,56,4,G:HGNC:2200
521,47,4,G:HGNC:2201
522,68,4,G:HGNC:2202
523,33,4,G:HGNC:2203
524,52,4,G:HGNC:2204
525,34,4,G:HGNC:2206
526,27,4,G:HGNC:2207
527,16,4,G:HGNC:2208
528,61,4,G:HGNC:2209
529,30,4,G:HGNC:2210
530,29,4,G:HGNC:2211
531,26,4,G:HGNC:2212
532,30,4,G:HGNC:2214
533,20,4,G:HGNC:2216
534,21,4,G:HGNC:2217
535,56,4,G:HGNC:2218
536,14,4,G:HGNC:2219
537,19,4,G:HGNC:2185
538,32,4,G:HGNC:2186
539,44,4,G:HGNC:2188
540,50,4,G:HGNC:2190
541,23,4,G:HGNC:2194
542,40,4,G:HGNC:2195
543,18,4,G:HGNC:22986
544,54,4,G:HGNC:2220
545,20,4,G:HGNC:2226
546,43,4,G:HGNC:2228
547,50,4,G:HGNC:2230
548,34,4,G:HGNC:2232
549,15,4,G:HGNC:25223
550,8,4,G:HGNC:19693
551,16,4,G:HGNC:20233
552,53,4,G:HGNC:2244
553,14,4,G:HGNC:19041
554,10,4,G:HGNC:25302
555,60,4,G:HGNC:2252
556,34,4,G:HGNC:2277
557,168,4,G:HGNC:2280
558,19,4,G:HGNC:2291
559,13,4,G:HGNC:2294
560,85,4,G:HGNC:2260
561,8,4,G:HGNC:28216
562,51,4,G:HGNC:2263
563,52,4,G:HGNC:26970
564,8,4,G:HGNC:17245
565,8,4,G:HGNC:23228
566,18,4,G:HGNC:25801
567,42,4,G:HGNC:2309
568,46,4,G:HGNC:2321
569,103,4,G:HGNC:2323
570,107,4,G:HGNC:2328
571,19,4,G:HGNC:18540
572,17,4,G:HGNC:2330
573,22,4,G:HGNC:2336
574,25,4,G:HGNC:2340
575,13,4,G:HGNC:2342
576,26,4,G:HGNC:2343
577,35,4,G:HGNC:18688
578,15,4,G:HGNC:30185
579,29,4,G:HGNC:18856
580,99,4,G:HGNC:2348
581,10,4,G:HGNC:14630
582,76,4,G:HGNC:2359
583,105,4,G:HGNC:14312
584,38,4,G:HGNC:2364
585,22,4,G:HGNC:37276
586,77,4,G:HGNC:2379
587,41,4,G:HGNC:2384
588,20,4,G:HGNC:2388
589,11,4,G:HGNC:2395
590,10,4,G:HGNC:2410
591,63,4,G:HGNC:2433
592,48,4,G:HGNC:2452
593,133,4,G:HGNC:2457
594,11,4,G:HGNC:26193
595,42,4,G:HGNC:2472
596,44,4,G:HGNC:2475
597,24,4,G:HGNC:2482
598,51,4,G:HGNC:2494
599,108,4,G:HGNC:26169
600,50,4,G:HGNC:13723
601,30,4,G:HGNC:2498
602,32,4,G:HGNC:2501
603,29,4,G:HGNC:2505
604,54,4,G:HGNC:2509
605,40,4,G:HGNC:2511
606,253,4,G:HGNC:2514
607,94,4,G:HGNC:2515
608,48,4,G:HGNC:2519
609,48,4,G:HGNC:2528
610,34,4,G:HGNC:2529
611,13,4,G:HGNC:2531
612,26,4,G:HGNC:2536
613,43,4,G:HGNC:2548
614,120,4,G:HGNC:2553
615,44,4,G:HGNC:2555
616,27,4,G:HGNC:21024
617,24,4,G:HGNC:19347
618,16,4,G:HGNC:10664
619,37,4,G:HGNC:25613
620,84,4,G:HGNC:2561
621,44,4,G:HGNC:26239
622,56,4,G:HGNC:2570
623,37,4,G:HGNC:2873
624,68,4,G:HGNC:2577
625,70,4,G:HGNC:2578
626,16,4,G:HGNC:2579
627,158,4,G:HGNC:19986
628,28,4,G:HGNC:13760
629,119,4,G:HGNC:2584
630,81,4,G:HGNC:2597
631,57,4,G:HGNC:2621
632,35,4,G:HGNC:2625
633,20,4,G:HGNC:20580
634,41,4,G:HGNC:20582
635,10,4,G:HGNC:26820
636,28,4,G:HGNC:23198
637,29,4,G:HGNC:2652
638,36,4,G:HGNC:2592
639,34,4,G:HGNC:2602
640,41,4,G:HGNC:2606
641,18,4,G:HGNC:28358
642,32,4,G:HGNC:18142
643,38,4,G:HGNC:17748
644,89,4,G:HGNC:2666
645,61,4,G:HGNC:2678
646,93,4,G:HGNC:25538
647,45,4,G:HGNC:2689
648,76,4,G:HGNC:2698
649,72,4,G:HGNC:24891
650,53,4,G:HGNC:25784
651,51,4,G:HGNC:2701
652,42,4,G:HGNC:18141
653,28,4,G:HGNC:17642
654,42,4,G:HGNC:29812
655,62,4,G:HGNC:2711
656,49,4,G:HGNC:2714
657,21,4,G:HGNC:18985
658,29,4,G:HGNC:2719
659,38,4,G:HGNC:19714
660,38,4,G:HGNC:29106
661,25,4,G:HGNC:2728
662,87,4,G:HGNC:2731
663,30,4,G:HGNC:16110
664,191,4,G:HGNC:2745
665,70,4,G:HGNC:2736
666,20,4,G:HGNC:18674
667,46,4,G:HGNC:19102
668,33,4,G:HGNC:14677
669,12,4,G:HGNC:19344
670,17,4,G:HGNC:18423
671,42,4,G:HGNC:2843
672,10,4,G:HGNC:2845
673,65,4,G:HGNC:2852
674,22,4,G:HGNC:2858
675,40,4,G:HGNC:2860
676,82,4,G:HGNC:2859
677,37,4,G:HGNC:20603
678,33,4,G:HGNC:2861
679,139,4,G:HGNC:2867
680,77,4,G:HGNC:23537
681,30,4,G:HGNC:16716
682,47,4,G:HGNC:21528
683,62,4,G:HGNC:2876
684,30,4,G:HGNC:2877
685,12,4,G:HGNC:15480
686,121,4,G:HGNC:17098
687,23,4,G:HGNC:28648
688,36,4,G:HGNC:2890
689,21,4,G:HGNC:2896
690,36,4,G:HGNC:2898
691,43,4,G:HGNC:2902
692,48,4,G:HGNC:2910
693,26,4,G:HGNC:2916
694,22,4,G:HGNC:2917
695,42,4,G:HGNC:2918
696,78,4,G:HGNC:2928
697,22,4,G:HGNC:24475
698,40,4,G:HGNC:2933
699,14,4,G:HGNC:2938
700,89,4,G:HGNC:2939
701,48,4,G:HGNC:30492
702,19,4,G:HGNC:26013
703,25,4,G:HGNC:2942
704,32,4,G:HGNC:5228
705,76,4,G:HGNC:14888
706,13,4,G:HGNC:14889
707,73,4,G:HGNC:30718
708,52,4,G:HGNC:9439
709,28,4,G:HGNC:16235
710,30,4,G:HGNC:15469
711,5,4,G:HGNC:28908
712,26,4,G:HGNC:30528
713,36,4,G:HGNC:27030
714,169,4,G:HGNC:23247
715,16,4,G:HGNC:2955
716,30,4,G:HGNC:2959
717,51,4,G:HGNC:2972
718,88,4,G:HGNC:2973
719,118,4,G:HGNC:2974
720,65,4,G:HGNC:2976
721,67,4,G:HGNC:2978
722,43,4,G:HGNC:2979
723,9,4,G:HGNC:19189
724,85,4,G:HGNC:19190
725,14,4,G:HGNC:26594
726,11,4,G:HGNC:23406
727,32,4,G:HGNC:2993
728,20,4,G:HGNC:2995
729,47,4,G:HGNC:9964
730,12,4,G:HGNC:3003
731,17,4,G:HGNC:3005
732,74,4,G:HGNC:3006
733,18,4,G:HGNC:3007
734,18,4,G:HGNC:3010
735,10,4,G:HGNC:19414
736,24,4,G:HGNC:3012
737,17,4,G:HGNC:28769
738,70,4,G:HGNC:3024
739,36,4,G:HGNC:3026
740,31,4,G:HGNC:3036
741,23,4,G:HGNC:3037
742,30,4,G:HGNC:21144
743,28,4,G:HGNC:3048
744,60,4,G:HGNC:3049
745,52,4,G:HGNC:3052
746,40,4,G:HGNC:3054
747,77,4,G:HGNC:1090
748,123,4,G:HGNC:29043
749,17,4,G:HGNC:3057
750,47,4,G:HGNC:13273
751,45,4,G:HGNC:3072
752,80,4,G:HGNC:3084
753,83,4,G:HGNC:3087
754,26,4,G:HGNC:21317
755,58,4,G:HGNC:2961
756,40,4,G:HGNC:2962
757,40,4,G:HGNC:24595
758,84,4,G:HGNC:3091
759,50,4,G:HGNC:3092
760,26,4,G:HGNC:26551
761,19,4,G:HGNC:29419
762,26,4,G:HGNC:3133
763,43,4,G:HGNC:3146
764,10,4,G:HGNC:3147
765,12,4,G:HGNC:3151
766,33,4,G:HGNC:3157
767,36,4,G:HGNC:2895
768,30,4,G:HGNC:14341
769,33,4,G:HGNC:26114
770,170,4,G:HGNC:3176
771,55,4,G:HGNC:3178
772,32,4,G:HGNC:3179
773,52,4,G:HGNC:3188
774,29,4,G:HGNC:3192
775,113,4,G:HGNC:3214
776,25,4,G:HGNC:3219
777,49,4,G:HGNC:16406
778,12,4,G:HGNC:25789
779,54,4,G:HGNC:3226
780,66,4,G:HGNC:30858
781,171,4,G:HGNC:3236
782,47,4,G:HGNC:1232
783,50,4,G:HGNC:3239
784,30,4,G:HGNC:3247
785,35,4,G:HGNC:24650
786,57,4,G:HGNC:3255
787,47,4,G:HGNC:19687
788,33,4,G:HGNC:3257
789,84,4,G:HGNC:3258
790,20,4,G:HGNC:3259
791,20,4,G:HGNC:3260
792,48,4,G:HGNC:3261
793,79,4,G:HGNC:3267
794,105,4,G:HGNC:18683
795,60,4,G:HGNC:3296
796,21,4,G:HGNC:14198
797,21,4,G:HGNC:17233
798,40,4,G:HGNC:3327
799,33,4,G:HGNC:14415
800,73,4,G:HGNC:21308
801,90,4,G:HGNC:18248
802,75,4,G:HGNC:28957
803,36,4,G:HGNC:3331
804,24,4,G:HGNC:3330
805,126,4,G:HGNC:3334
806,19,4,G:HGNC:3344
807,82,4,G:HGNC:3349
808,72,4,G:HGNC:3356
809,82,4,G:HGNC:3363
810,52,4,G:HGNC:28526
811,149,4,G:HGNC:3373
812,84,4,G:HGNC:3377
813,53,4,G:HGNC:29331
814,48,4,G:HGNC:3395
815,9,4,G:HGNC:3413
816,53,4,G:HGNC:3415
817,29,4,G:HGNC:3416
818,36,4,G:HGNC:3418
819,50,4,G:HGNC:3420
820,20,4,G:HGNC:21296
821,29,4,G:HGNC:3423
822,16,4,G:HGNC:3424
823,80,4,G:HGNC:3431
824,67,4,G:HGNC:3432
825,102,4,G:HGNC:3433
826,74,4,G:HGNC:3434
827,58,4,G:HGNC:3435
828,63,4,G:HGNC:3436
829,29,4,G:HGNC:3437
830,49,4,G:HGNC:3438
831,45,4,G:HGNC:26922
832,54,4,G:HGNC:3439
833,17,4,G:HGNC:3444
834,69,4,G:HGNC:29205
835,26,4,G:HGNC:16947
836,24,4,G:HGNC:1356
837,63,4,G:HGNC:27230
838,152,4,G:HGNC:3467
839,27,4,G:HGNC:25966
840,48,4,G:HGNC:3473
841,53,4,G:HGNC:3495
842,46,4,G:HGNC:3497
843,28,4,G:HGNC:19747
844,145,4,G:HGNC:17097
845,30,4,G:HGNC:17944
846,30,4,G:HGNC:17035
847,18,4,G:HGNC:30578
848,46,4,G:HGNC:3513
849,70,4,G:HGNC:3518
850,42,4,G:HGNC:3519
851,16,4,G:HGNC:21555
852,98,4,G:HGNC:3527
853,106,4,G:HGNC:3535
854,27,4,G:HGNC:3542
855,39,4,G:HGNC:3551
856,19,4,G:HGNC:3528
857,8,4,G:HGNC:3534
858,73,4,G:HGNC:3573
859,15,4,G:HGNC:3579
860,26,4,G:HGNC:22140
861,49,4,G:HGNC:24797
862,13,4,G:HGNC:24725
863,4,4,G:HGNC:24200
864,24,4,G:HGNC:24587
865,8,4,G:HGNC:24820
866,19,4,G:HGNC:29170
867,78,4,G:HGNC:3582
868,33,4,G:HGNC:3585
869,8,4,G:HGNC:3586
870,18,4,G:HGNC:25568
871,24,4,G:HGNC:20748
872,40,4,G:HGNC:23168
873,22,4,G:HGNC:26222
874,30,4,G:HGNC:17800
875,52,4,G:HGNC:11920
876,67,4,G:HGNC:11936
877,19,4,G:HGNC:3596
878,26,4,G:HGNC:23109
879,30,4,G:HGNC:3600
880,39,4,G:HGNC:3602
881,52,4,G:HGNC:3603
882,34,4,G:HGNC:3604
883,23,4,G:HGNC:13601
884,37,4,G:HGNC:13586
885,32,4,G:HGNC:13590
886,59,4,G:HGNC:16510
887,13,4,G:HGNC:28844
888,16,4,G:HGNC:3616
889,16,4,G:HGNC:3631
890,18,4,G:HGNC:3642
891,19,4,G:HGNC:3647
892,27,4,G:HGNC:15889
893,24,4,G:HGNC:3660
894,35,4,G:HGNC:3663
895,57,4,G:HGNC:19125
896,18,4,G:HGNC:3681
897,43,4,G:HGNC:3683
898,70,4,G:HGNC:3686
899,73,4,G:HGNC:3687
900,137,4,G:HGNC:3666
901,28,4,G:HGNC:3668
902,22,4,G:HGNC:3671
903,19,4,G:HGNC:3672
904,15,4,G:HGNC:3673
905,21,4,G:HGNC:3677
906,35,4,G:HGNC:3680
907,110,4,G:HGNC:3688
908,136,4,G:HGNC:3689
909,61,4,G:HGNC:3690
910,20,4,G:HGNC:3700
911,25,4,G:HGNC:3702
912,12,4,G:HGNC:3705
913,85,4,G:HGNC:16873
914,14,4,G:HGNC:19124
915,12,4,G:HGNC:18169
916,109,4,G:HGNC:18625
917,36,4,G:HGNC:17997
918,64,4,G:HGNC:3622
919,14,4,G:HGNC:24671
920,79,4,G:HGNC:27310
921,38,4,G:HGNC:33276
922,25,4,G:HGNC:3749
923,110,4,G:HGNC:3754
924,42,4,G:HGNC:3755
925,23,4,G:HGNC:3756
926,44,4,G:HGNC:3767
927,108,4,G:HGNC:24682
928,14,4,G:HGNC:20105
929,36,4,G:HGNC:14074
930,14,4,G:HGNC:3771
931,121,4,G:HGNC:3775
932,66,4,G:HGNC:3778
933,108,4,G:HGNC:3791
934,177,4,G:HGNC:3800
935,18,4,G:HGNC:3804
936,48,4,G:HGNC:3806
937,30,4,G:HGNC:3811
938,45,4,G:HGNC:1092
939,96,4,G:HGNC:3823
940,37,4,G:HGNC:13875
941,75,4,G:HGNC:6106
942,12,4,G:HGNC:26927
943,16,4,G:HGNC:19185
944,16,4,G:HGNC:23399
945,41,4,G:HGNC:25396
946,12,4,G:HGNC:25491
947,16,4,G:HGNC:8079
948,35,4,G:HGNC:29007
949,16,4,G:HGNC:1362
950,25,4,G:HGNC:3959
951,32,4,G:HGNC:3964
952,24,4,G:HGNC:3969
953,48,4,G:HGNC:3976
954,26,4,G:HGNC:3999
955,59,4,G:HGNC:24678
956,66,4,G:HGNC:4010
957,48,4,G:HGNC:4012
958,31,4,G:HGNC:4019
959,130,4,G:HGNC:3951
960,24,4,G:HGNC:4026
961,27,4,G:HGNC:4036
962,54,4,G:HGNC:14673
963,71,4,G:HGNC:4042
964,140,4,G:HGNC:4044
965,75,4,G:HGNC:4056
966,14,4,G:HGNC:24861
967,44,4,G:HGNC:4057
968,33,4,G:HGNC:4065
969,31,4,G:HGNC:4066
970,25,4,G:HGNC:4507
971,50,4,G:HGNC:4075
972,95,4,G:HGNC:4081
973,68,4,G:HGNC:4082
974,64,4,G:HGNC:4083
975,61,4,G:HGNC:4087
976,40,4,G:HGNC:4114
977,22,4,G:HGNC:4115
978,18,4,G:HGNC:4118
979,64,4,G:HGNC:4125
980,91,4,G:HGNC:4137
981,43,4,G:HGNC:4138
982,24,4,G:HGNC:4162
983,26,4,G:HGNC:4166
984,59,4,G:HGNC:4170
985,67,4,G:HGNC:4171
986,136,4,G:HGNC:4172
987,72,4,G:HGNC:4173
988,26,4,G:HGNC:15802
989,260,4,G:HGNC:4174
990,101,4,G:HGNC:29941
991,98,4,G:HGNC:30778
992,28,4,G:HGNC:4175
993,72,4,G:HGNC:4177
994,66,4,G:HGNC:18986
995,40,4,G:HGNC:4189
996,59,4,G:HGNC:4193
997,69,4,G:HGNC:4195
998,51,4,G:HGNC:4311
999,22,4,G:HGNC:4198
1000,25,4,G:HGNC:4204
1001,12,4,G:HGNC:4208
1002,21,4,G:HGNC:15968
1003,43,4,G:HGNC:4220
1004,35,4,G:HGNC:4221
1005,21,4,G:HGNC:4224
1006,63,4,G:HGNC:4226
1007,100,4,G:HGNC:4232
1008,72,4,G:HGNC:15717
1009,13,4,G:HGNC:4235
1010,31,4,G:HGNC:4237
1011,11,4,G:HGNC:13780
1012,85,4,G:HGNC:4241
1013,67,4,G:HGNC:4267
1014,17,4,G:HGNC:28980
1015,135,4,G:HGNC:4274
1016,10,4,G:HGNC:4277
1017,76,4,G:HGNC:4279
1018,11,4,G:HGNC:4281
1019,68,4,G:HGNC:4283
1020,45,4,G:HGNC:4284
1021,20,4,G:HGNC:4285
1022,14,4,G:HGNC:4286
1023,21,4,G:HGNC:4288
1024,23,4,G:HGNC:17494
1025,17,4,G:HGNC:4289
1026,40,4,G:HGNC:4296
1027,27,4,G:HGNC:4298
1028,22,4,G:HGNC:4313
1029,28,4,G:HGNC:29514
1030,21,4,G:HGNC:4315
1031,52,4,G:HGNC:4317
1032,99,4,G:HGNC:4318
1033,94,4,G:HGNC:4319
1034,28,4,G:HGNC:28510
1035,37,4,G:HGNC:20134
1036,44,4,G:HGNC:4335
1037,25,4,G:HGNC:4336
1038,166,4,G:HGNC:4341
1039,12,4,G:HGNC:24247
1040,59,4,G:HGNC:4367
1041,25,4,G:HGNC:17493
1042,9,4,G:HGNC:22923
1043,12,4,G:HGNC:22932
1044,49,4,G:HGNC:4387
1045,42,4,G:HGNC:4388
1046,52,4,G:HGNC:4390
1047,119,4,G:HGNC:4392
1048,71,4,G:HGNC:4393
1049,77,4,G:HGNC:4396
1050,26,4,G:HGNC:4400
1051,36,4,G:HGNC:20731
1052,68,4,G:HGNC:4401
1053,49,4,G:HGNC:23657
1054,21,4,G:HGNC:4415
1055,25,4,G:HGNC:4416
1056,54,4,G:HGNC:29670
1057,38,4,G:HGNC:4419
1058,14,4,G:HGNC:4421
1059,78,4,G:HGNC:4422
1060,51,4,G:HGNC:4431
1061,13,4,G:HGNC:4440
1062,10,4,G:HGNC:4444
1063,16,4,G:HGNC:4446
1064,52,4,G:HGNC:4451
1065,29,4,G:HGNC:4454
1066,31,4,G:HGNC:4455
1067,29,4,G:HGNC:15465
1068,43,4,G:HGNC:24945
1069,33,4,G:HGNC:4462
1070,6,4,G:HGNC:25169
1071,45,4,G:HGNC:29501
1072,28,4,G:HGNC:18062
1073,32,4,G:HGNC:4556
1074,25,4,G:HGNC:31042
1075,26,4,G:HGNC:17655
1076,41,4,G:HGNC:2799
1077,26,4,G:HGNC:25839
1078,22,4,G:HGNC:4570
1079,17,4,G:HGNC:4573
1080,18,4,G:HGNC:4574
1081,38,4,G:HGNC:4576
1082,45,4,G:HGNC:4580
1083,94,4,G:HGNC:4585
1084,97,4,G:HGNC:4586
1085,38,4,G:HGNC:4588
1086,46,4,G:HGNC:4593
1087,57,4,G:HGNC:4601
1088,21,4,G:HGNC:4612
1089,20,4,G:HGNC:2810
1090,36,4,G:HGNC:4651
1091,32,4,G:HGNC:4659
1092,84,4,G:HGNC:4670
1093,34,4,G:HGNC:14880
1094,59,4,G:HGNC:25799
1095,23,4,G:HGNC:4696
1096,19,4,G:HGNC:4699
1097,37,4,G:HGNC:4706
1098,17,4,G:HGNC:15808
1099,43,4,G:HGNC:4795
1100,48,4,G:HGNC:4796
1101,85,4,G:HGNC:21033
1102,23,4,G:HGNC:4799
1103,26,4,G:HGNC:4801
1104,53,4,G:HGNC:4803
1105,20,4,G:HGNC:4806
1106,37,4,G:HGNC:4816
1107,17,4,G:HGNC:4817
1108,44,4,G:HGNC:16915
1109,40,4,G:HGNC:4827
1110,16,4,G:HGNC:4837
1111,76,4,G:HGNC:4839
1112,24,4,G:HGNC:4845
1113,46,4,G:HGNC:16882
1114,98,4,G:HGNC:14064
1115,28,4,G:HGNC:13315
1116,26,4,G:HGNC:29853
1117,26,4,G:HGNC:4861
1118,18,4,G:HGNC:4867
1119,32,4,G:HGNC:4868
1120,51,4,G:HGNC:15977
1121,19,4,G:HGNC:4877
1122,77,4,G:HGNC:4886
1123,18,4,G:HGNC:20193
1124,14,4,G:HGNC:4892
1125,55,4,G:HGNC:4893
1126,15,4,G:HGNC:26527
1127,77,4,G:HGNC:4912
1128,27,4,G:HGNC:4916
1129,70,4,G:HGNC:4718
1130,32,4,G:HGNC:4921
1131,29,4,G:HGNC:4887
1132,35,4,G:HGNC:4922
1133,72,4,G:HGNC:4932
1134,40,4,G:HGNC:4933
1135,27,4,G:HGNC:4942
1136,41,4,G:HGNC:4948
1137,29,4,G:HGNC:19194
1138,144,4,G:HGNC:5009
1139,49,4,G:HGNC:5004
1140,26,4,G:HGNC:5005
1141,29,4,G:HGNC:5017
1142,45,4,G:HGNC:11630
1143,69,4,G:HGNC:5024
1144,174,4,G:HGNC:5031
1145,52,4,G:HGNC:5037
1146,14,4,G:HGNC:5042
1147,56,4,G:HGNC:5044
1148,171,4,G:HGNC:5048
1149,41,4,G:HGNC:17513
1150,26,4,G:HGNC:5103
1151,53,4,G:HGNC:5101
1152,119,4,G:HGNC:5102
1153,22,4,G:HGNC:5111
1154,25,4,G:HGNC:5125
1155,32,4,G:HGNC:5133
1156,46,4,G:HGNC:5136
1157,37,4,G:HGNC:5154
1158,86,4,G:HGNC:5157
1159,17,4,G:HGNC:15597
1160,54,4,G:HGNC:15844
1161,8,4,G:HGNC:17022
1162,17,4,G:HGNC:18817
1163,69,4,G:HGNC:5173
1164,18,4,G:HGNC:5201
1165,24,4,G:HGNC:5218
1166,30,4,G:HGNC:18324
1167,13,4,G:HGNC:5208
1168,13,4,G:HGNC:5212
1169,29,4,G:HGNC:5213
1170,30,4,G:HGNC:4800
1171,22,4,G:HGNC:5227
1172,41,4,G:HGNC:5244
1173,6,4,G:HGNC:5248
1174,37,4,G:HGNC:30171
1175,95,4,G:HGNC:5261
1176,39,4,G:HGNC:5273
1177,28,4,G:HGNC:5286
1178,65,4,G:HGNC:5293
1179,29,4,G:HGNC:9476
1180,54,4,G:HGNC:14348
1181,54,4,G:HGNC:4851
1182,15,4,G:HGNC:26558
1183,30,4,G:HGNC:5330
1184,17,4,G:HGNC:29685
1185,95,4,G:HGNC:27302
1186,57,4,G:HGNC:21219
1187,15,4,G:HGNC:5391
1188,55,4,G:HGNC:18550
1189,37,4,G:HGNC:18873
1190,9,4,G:HGNC:16644
1191,127,4,G:HGNC:5433
1192,37,4,G:HGNC:5439
1193,37,4,G:HGNC:5440
1194,27,4,G:HGNC:15901
1195,32,4,G:HGNC:21424
1196,17,4,G:HGNC:29262
1197,18,4,G:HGNC:14313
1198,36,4,G:HGNC:13556
1199,41,4,G:HGNC:29077
1200,34,4,G:HGNC:30391
1201,29,4,G:HGNC:5461
1202,171,4,G:HGNC:5464
1203,287,4,G:HGNC:5465
1204,92,4,G:HGNC:5466
1205,24,4,G:HGNC:5476
1206,35,4,G:HGNC:5542
1207,30,4,G:HGNC:5716
1208,18,4,G:HGNC:5948
1209,31,4,G:HGNC:5950
1210,80,4,G:HGNC:5956
1211,56,4,G:HGNC:5960
1212,105,4,G:HGNC:5961
1213,25,4,G:HGNC:13176
1214,52,4,G:HGNC:5996
1215,29,4,G:HGNC:6000
1216,76,4,G:HGNC:6008
1217,52,4,G:HGNC:6024
1218,25,4,G:HGNC:5964
1219,43,4,G:HGNC:5965
1220,17,4,G:HGNC:5967
1221,84,4,G:HGNC:5970
1222,39,4,G:HGNC:5985
1223,16,4,G:HGNC:18358
1224,12,4,G:HGNC:17616
1225,46,4,G:HGNC:6006
1226,27,4,G:HGNC:18969
1227,24,4,G:HGNC:15561
1228,42,4,G:HGNC:28741
1229,40,4,G:HGNC:6050
1230,44,4,G:HGNC:26019
1231,20,4,G:HGNC:6055
1232,19,4,G:HGNC:18362
1233,27,4,G:HGNC:23791
1234,17,4,G:HGNC:21474
1235,62,4,G:HGNC:33882
1236,37,4,G:HGNC:6080
1237,84,4,G:HGNC:6081
1238,86,4,G:HGNC:6091
1239,108,4,G:HGNC:29239
1240,26,4,G:HGNC:17870
1241,27,4,G:HGNC:28949
1242,21,4,G:HGNC:29171
1243,39,4,G:HGNC:29059
1244,90,4,G:HGNC:21729
1245,32,4,G:HGNC:14282
1246,29,4,G:HGNC:6121
1247,42,4,G:HGNC:6122
1248,28,4,G:HGNC:5358
1249,32,4,G:HGNC:28660
1250,77,4,G:HGNC:19857
1251,21,4,G:HGNC:29882
1252,28,4,G:HGNC:4053
1253,64,4,G:HGNC:13890
1254,134,4,G:HGNC:6139
1255,55,4,G:HGNC:6142
1256,15,4,G:HGNC:6143
1257,33,4,G:HGNC:6144
1258,78,4,G:HGNC:6155
1259,120,4,G:HGNC:6156
1260,38,4,G:HGNC:6158
1261,30,4,G:HGNC:6161
1262,33,4,G:HGNC:6171
1263,29,4,G:HGNC:6174
1264,28,4,G:HGNC:6176
1265,73,4,G:HGNC:6180
1266,44,4,G:HGNC:6181
1267,50,4,G:HGNC:6186
1268,66,4,G:HGNC:21071
1269,80,4,G:HGNC:6188
1270,25,4,G:HGNC:26926
1271,129,4,G:HGNC:6192
1272,55,4,G:HGNC:6193
1273,81,4,G:HGNC:14202
1274,31,4,G:HGNC:14203
1275,74,4,G:HGNC:6207
1276,34,4,G:HGNC:29300
1277,124,4,G:HGNC:24565
1278,58,4,G:HGNC:6215
1279,56,4,G:HGNC:13013
1280,43,4,G:HGNC:17582
1281,33,4,G:HGNC:6217
1282,17,4,G:HGNC:37227
1283,74,4,G:HGNC:6224
1284,105,4,G:HGNC:6231
1285,39,4,G:HGNC:6233
1286,53,4,G:HGNC:6235
1287,79,4,G:HGNC:6239
1288,39,4,G:HGNC:6240
1289,58,4,G:HGNC:6250
1290,45,4,G:HGNC:6251
1291,18,4,G:HGNC:6255
1292,66,4,G:HGNC:6263
1293,101,4,G:HGNC:6267
1294,54,4,G:HGNC:6256
1295,79,4,G:HGNC:6257
1296,15,4,G:HGNC:6259
1297,68,4,G:HGNC:6278
1298,32,4,G:HGNC:6284
1299,106,4,G:HGNC:6285
1300,30,4,G:HGNC:6293
1301,59,4,G:HGNC:6294
1302,21,4,G:HGNC:6296
1303,32,4,G:HGNC:6297
1304,39,4,G:HGNC:6299
1305,17,4,G:HGNC:18866
1306,13,4,G:HGNC:18249
1307,27,4,G:HGNC:21957
1308,14,4,G:HGNC:25705
1309,18,4,G:HGNC:26624
1310,69,4,G:HGNC:29079
1311,62,4,G:HGNC:18039
1312,51,4,G:HGNC:11114
1313,43,4,G:HGNC:12637
1314,41,4,G:HGNC:4021
1315,13,4,G:HGNC:6309
1316,7,4,G:HGNC:33699
1317,20,4,G:HGNC:6315
1318,10,4,G:HGNC:29068
1319,30,4,G:HGNC:19960
1320,30,4,G:HGNC:26953
1321,20,4,G:HGNC:29508
1322,39,4,G:HGNC:888
1323,87,4,G:HGNC:16636
1324,16,4,G:HGNC:23419
1325,135,4,G:HGNC:6317
1326,41,4,G:HGNC:6318
1327,33,4,G:HGNC:13339
1328,51,4,G:HGNC:6323
1329,44,4,G:HGNC:6325
1330,20,4,G:HGNC:30497
1331,43,4,G:HGNC:6388
1332,65,4,G:HGNC:19181
1333,32,4,G:HGNC:19349
1334,30,4,G:HGNC:6391
1335,123,4,G:HGNC:6342
1336,53,4,G:HGNC:6343
1337,26,4,G:HGNC:6344
1338,26,4,G:HGNC:20716
1339,45,4,G:HGNC:6354
1340,48,4,G:HGNC:15646
1341,297,4,G:HGNC:29347
1342,37,4,G:HGNC:25947
1343,104,4,G:HGNC:7132
1344,43,4,G:HGNC:15840
1345,37,4,G:HGNC:13726
1346,136,4,G:HGNC:7133
1347,32,4,G:HGNC:24283
1348,15,4,G:HGNC:6404
1349,122,4,G:HGNC:6407
1350,135,4,G:HGNC:17550
1351,11,4,G:HGNC:6440
1352,23,4,G:HGNC:6442
1353,13,4,G:HGNC:6444
1354,11,4,G:HGNC:20406
1355,37,4,G:HGNC:6413
1356,29,4,G:HGNC:6416
1357,22,4,G:HGNC:6427
1358,11,4,G:HGNC:28927
1359,22,4,G:HGNC:28929
1360,10,4,G:HGNC:6462
1361,9,4,G:HGNC:6463
1362,28,4,G:HGNC:26576
1363,36,4,G:HGNC:6469
1364,51,4,G:HGNC:6470
1365,88,4,G:HGNC:20499
1366,34,4,G:HGNC:6481
1367,30,4,G:HGNC:6482
1368,27,4,G:HGNC:6483
1369,28,4,G:HGNC:6484
1370,39,4,G:HGNC:6486
1371,34,4,G:HGNC:6487
1372,24,4,G:HGNC:6490
1373,31,4,G:HGNC:6493
1374,63,4,G:HGNC:6501
1375,17,4,G:HGNC:16097
1376,23,4,G:HGNC:29796
1377,22,4,G:HGNC:6511
1378,63,4,G:HGNC:6512
1379,14,4,G:HGNC:17095
1380,16,4,G:HGNC:25726
1381,91,4,G:HGNC:6518
1382,28,4,G:HGNC:6522
1383,52,4,G:HGNC:6524
1384,12,4,G:HGNC:6530
1385,68,4,G:HGNC:6535
1386,44,4,G:HGNC:18640
1387,34,4,G:HGNC:21244
1388,22,4,G:HGNC:28887
1389,18,4,G:HGNC:21253
1390,36,4,G:HGNC:21734
1391,69,4,G:HGNC:16429
1392,78,4,G:HGNC:6597
1393,55,4,G:HGNC:6601
1394,10,4,G:HGNC:6610
1395,26,4,G:HGNC:16084
1396,13,4,G:HGNC:21205
1397,71,4,G:HGNC:6617
1398,102,4,G:HGNC:6619
1399,57,4,G:HGNC:16841
1400,20,4,G:HGNC:19263
1401,24,4,G:HGNC:13243
1402,14,4,G:HGNC:23038
1403,44,4,G:HGNC:6636
1404,93,4,G:HGNC:6637
1405,66,4,G:HGNC:6638
1406,51,4,G:HGNC:6649
1407,26,4,G:HGNC:6654
1408,110,4,G:HGNC:21610
1409,36,4,G:HGNC:9479
1410,57,4,G:HGNC:6664
1411,9,4,G:HGNC:26521
1412,21,4,G:HGNC:6665
1413,31,4,G:HGNC:13345
1414,69,4,G:HGNC:6685
1415,14,4,G:HGNC:1742
1416,131,4,G:HGNC:20889
1417,23,4,G:HGNC:24783
1418,95,4,G:HGNC:6692
1419,51,4,G:HGNC:6694
1420,45,4,G:HGNC:6696
1421,48,4,G:HGNC:6697
1422,116,4,G:HGNC:6698
1423,89,4,G:HGNC:6701
1424,44,4,G:HGNC:15714
1425,24,4,G:HGNC:16725
1426,42,4,G:HGNC:19027
1427,171,4,G:HGNC:18618
1428,35,4,G:HGNC:25135
1429,75,4,G:HGNC:25033
1430,17,4,G:HGNC:6708
1431,52,4,G:HGNC:6715
1432,21,4,G:HGNC:6716
1433,23,4,G:HGNC:6717
1434,85,4,G:HGNC:21365
1435,92,4,G:HGNC:28072
1436,21,4,G:HGNC:1968
1437,11,4,G:HGNC:6741
1438,33,4,G:HGNC:6742
1439,38,4,G:HGNC:6764
1440,39,4,G:HGNC:6776
1441,37,4,G:HGNC:6408
1442,54,4,G:HGNC:6783
1443,14,4,G:HGNC:16353
1444,27,4,G:HGNC:6814
1445,49,4,G:HGNC:18957
1446,60,4,G:HGNC:6816
1447,92,4,G:HGNC:6819
1448,17,4,G:HGNC:2568
1449,25,4,G:HGNC:6823
1450,17,4,G:HGNC:6826
1451,15,4,G:HGNC:6831
1452,14,4,G:HGNC:6833
1453,114,4,G:HGNC:6840
1454,63,4,G:HGNC:6842
1455,55,4,G:HGNC:6848
1456,86,4,G:HGNC:6859
1457,26,4,G:HGNC:6888
1458,36,4,G:HGNC:29536
1459,42,4,G:HGNC:6891
1460,137,4,G:HGNC:6893
1461,34,4,G:HGNC:6898
1462,22,4,G:HGNC:25133
1463,48,4,G:HGNC:26401
1464,17,4,G:HGNC:6901
1465,90,4,G:HGNC:19042
1466,57,4,G:HGNC:6903
1467,15,4,G:HGNC:6906
1468,19,4,G:HGNC:6909
1469,18,4,G:HGNC:20444
1470,68,4,G:HGNC:6922
1471,17,4,G:HGNC:15505
1472,28,4,G:HGNC:15455
1473,72,4,G:HGNC:6930
1474,24,4,G:HGNC:6932
1475,30,4,G:HGNC:6937
1476,45,4,G:HGNC:6944
1477,28,4,G:HGNC:6946
1478,61,4,G:HGNC:6947
1479,28,4,G:HGNC:6948
1480,27,4,G:HGNC:6949
1481,93,4,G:HGNC:16147
1482,47,4,G:HGNC:21484
1483,21,4,G:HGNC:6954
1484,27,4,G:HGNC:6971
1485,143,4,G:HGNC:6990
1486,14,4,G:HGNC:19691
1487,48,4,G:HGNC:11957
1488,18,4,G:HGNC:22962
1489,69,4,G:HGNC:2375
1490,23,4,G:HGNC:2372
1491,20,4,G:HGNC:28845
1492,49,4,G:HGNC:6993
1493,131,4,G:HGNC:6996
1494,31,4,G:HGNC:3233
1495,28,4,G:HGNC:7001
1496,40,4,G:HGNC:7027
1497,79,4,G:HGNC:7029
1498,15,4,G:HGNC:26988
1499,29,4,G:HGNC:29673
1500,65,4,G:HGNC:24858
1501,62,4,G:HGNC:16877
1502,45,4,G:HGNC:18121
1503,69,4,G:HGNC:25897
1504,64,4,G:HGNC:28486
1505,14,4,G:HGNC:7045
1506,9,4,G:HGNC:16205
1507,15,4,G:HGNC:7060
1508,56,4,G:HGNC:21086
1509,22,4,G:HGNC:1530
1510,23,4,G:HGNC:7096
1511,10,4,G:HGNC:7104
1512,19,4,G:HGNC:23564
1513,63,4,G:HGNC:7105
1514,76,4,G:HGNC:7108
1515,29,4,G:HGNC:7114
1516,29,4,G:HGNC:17082
1517,78,4,G:HGNC:7127
1518,21,4,G:HGNC:7150
1519,106,4,G:HGNC:19331
1520,20,4,G:HGNC:24525
1521,36,4,G:HGNC:25221
1522,58,4,G:HGNC:7154
1523,56,4,G:HGNC:7166
1524,29,4,G:HGNC:7159
1525,19,4,G:HGNC:7165
1526,18,4,G:HGNC:7167
1527,29,4,G:HGNC:4979
1528,35,4,G:HGNC:18234
1529,13,4,G:HGNC:7190
1530,34,4,G:HGNC:7193
1531,35,4,G:HGNC:7197
1532,17,4,G:HGNC:24862
1533,31,4,G:HGNC:23573
1534,12,4,G:HGNC:21606
1535,52,4,G:HGNC:7207
1536,18,4,G:HGNC:7208
1537,15,4,G:HGNC:7216
1538,26,4,G:HGNC:13937
1539,48,4,G:HGNC:7217
1540,133,4,G:HGNC:16002
1541,40,4,G:HGNC:7218
1542,30,4,G:HGNC:7225
1543,22,4,G:HGNC:21232
1544,136,4,G:HGNC:7230
1545,24,4,G:HGNC:10379
1546,27,4,G:HGNC:16650
1547,17,4,G:HGNC:14495
1548,116,4,G:HGNC:14048
1549,12,4,G:HGNC:14508
1550,12,4,G:HGNC:16618
1551,32,4,G:HGNC:7315
1552,70,4,G:HGNC:7325
1553,89,4,G:HGNC:7326
1554,26,4,G:HGNC:7328
1555,108,4,G:HGNC:7329
1556,76,4,G:HGNC:10545
1557,108,4,G:HGNC:7373
1558,27,4,G:HGNC:27375
1559,13,4,G:HGNC:29678
1560,76,4,G:HGNC:7392
1561,59,4,G:HGNC:7413
1562,35,4,G:HGNC:29666
1563,95,4,G:HGNC:7432
1564,67,4,G:HGNC:7436
1565,38,4,G:HGNC:7450
1566,66,4,G:HGNC:19261
1567,153,4,G:HGNC:3942
1568,58,4,G:HGNC:25532
1569,34,4,G:HGNC:7468
1570,28,4,G:HGNC:7473
1571,27,4,G:HGNC:7467
1572,32,4,G:HGNC:7508
1573,26,4,G:HGNC:7527
1574,16,4,G:HGNC:7529
1575,50,4,G:HGNC:7530
1576,90,4,G:HGNC:7549
1577,169,4,G:HGNC:7553
1578,56,4,G:HGNC:7559
1579,31,4,G:HGNC:7565
1580,25,4,G:HGNC:7566
1581,37,4,G:HGNC:7572
1582,160,4,G:HGNC:7579
1583,64,4,G:HGNC:7569
1584,58,4,G:HGNC:23212
1585,29,4,G:HGNC:7583
1586,57,4,G:HGNC:7590
1587,33,4,G:HGNC:7599
1588,44,4,G:HGNC:7601
1589,125,4,G:HGNC:7602
1590,89,4,G:HGNC:7605
1591,45,4,G:HGNC:7606
1592,40,4,G:HGNC:7610
1593,19,4,G:HGNC:12399
1594,34,4,G:HGNC:1330
1595,138,4,G:HGNC:23246
1596,50,4,G:HGNC:1181
1597,27,4,G:HGNC:29401
1598,23,4,G:HGNC:7623
1599,28,4,G:HGNC:18704
1600,47,4,G:HGNC:30782
1601,120,4,G:HGNC:20967
1602,11,4,G:HGNC:26404
1603,16,4,G:HGNC:7631
1604,16,4,G:HGNC:17996
1605,17,4,G:HGNC:19082
1606,71,4,G:HGNC:23044
1607,11,4,G:HGNC:19237
1608,13,4,G:HGNC:26274
1609,36,4,G:HGNC:26742
1610,22,4,G:HGNC:18453
1611,14,4,G:HGNC:15625
1612,10,4,G:HGNC:31928
1613,49,4,G:HGNC:7652
1614,63,4,G:HGNC:24305
1615,22,4,G:HGNC:28952
1616,36,4,G:HGNC:1112
1617,26,4,G:HGNC:7661
1618,23,4,G:HGNC:7662
1619,59,4,G:HGNC:17091
1620,53,4,G:HGNC:17619
1621,28,4,G:HGNC:7675
1622,20,4,G:HGNC:7678
1623,80,4,G:HGNC:7679
1624,55,4,G:HGNC:7680
1625,13,4,G:HGNC:7683
1626,29,4,G:HGNC:7685
1627,18,4,G:HGNC:7690
1628,31,4,G:HGNC:7693
1629,24,4,G:HGNC:7684
1630,25,4,G:HGNC:20371
1631,50,4,G:HGNC:23987
1632,30,4,G:HGNC:17194
1633,13,4,G:HGNC:18828
1634,12,4,G:HGNC:28086
1635,18,4,G:HGNC:29918
1636,20,4,G:HGNC:28625
1637,9,4,G:HGNC:7698
1638,12,4,G:HGNC:7703
1639,12,4,G:HGNC:20372
1640,57,4,G:HGNC:7707
1641,32,4,G:HGNC:7708
1642,28,4,G:HGNC:7710
1643,18,4,G:HGNC:7711
1644,17,4,G:HGNC:7713
1645,23,4,G:HGNC:7714
1646,15,4,G:HGNC:7715
1647,18,4,G:HGNC:7716
1648,30,4,G:HGNC:24539
1649,27,4,G:HGNC:19688
1650,79,4,G:HGNC:7728
1651,31,4,G:HGNC:7737
1652,52,4,G:HGNC:7739
1653,30,4,G:HGNC:7744
1654,44,4,G:HGNC:7745
1655,79,4,G:HGNC:13387
1656,84,4,G:HGNC:18591
1657,24,4,G:HGNC:7758
1658,33,4,G:HGNC:29433
1659,96,4,G:HGNC:7765
1660,114,4,G:HGNC:7773
1661,71,4,G:HGNC:7782
1662,45,4,G:HGNC:7784
1663,79,4,G:HGNC:7788
1664,75,4,G:HGNC:7794
1665,29,4,G:HGNC:7795
1666,51,4,G:HGNC:7797
1667,14,4,G:HGNC:16287
1668,13,4,G:HGNC:17646
1669,23,4,G:HGNC:14377
1670,89,4,G:HGNC:7820
1671,73,4,G:HGNC:14906
1672,71,4,G:HGNC:17043
1673,81,4,G:HGNC:28862
1674,64,4,G:HGNC:11825
1675,97,4,G:HGNC:2488
1676,32,4,G:HGNC:951
1677,37,4,G:HGNC:19321
1678,57,4,G:HGNC:14289
1679,95,4,G:HGNC:14287
1680,24,4,G:HGNC:16412
1681,25,4,G:HGNC:14374
1682,55,4,G:HGNC:16400
1683,55,4,G:HGNC:22938
1684,14,4,G:HGNC:16473
1685,72,4,G:HGNC:17877
1686,88,4,G:HGNC:7863
1687,9,4,G:HGNC:22448
1688,81,4,G:HGNC:5331
1689,88,4,G:HGNC:7865
1690,70,4,G:HGNC:7866
1691,75,4,G:HGNC:7871
1692,22,4,G:HGNC:14378
1693,19,4,G:HGNC:15911
1694,207,4,G:HGNC:7881
1695,92,4,G:HGNC:7882
1696,37,4,G:HGNC:7883
1697,46,4,G:HGNC:7897
1698,28,4,G:HGNC:14537
1699,46,4,G:HGNC:7905
1700,69,4,G:HGNC:7907
1701,33,4,G:HGNC:7908
1702,16,4,G:HGNC:13394
1703,16,4,G:HGNC:24969
1704,30,4,G:HGNC:14124
1705,81,4,G:HGNC:7967
1706,29,4,G:HGNC:7975
1707,98,4,G:HGNC:7976
1708,121,4,G:HGNC:7978
1709,24,4,G:HGNC:7979
1710,98,4,G:HGNC:7989
1711,43,4,G:HGNC:7960
1712,35,4,G:HGNC:7961
1713,40,4,G:HGNC:8002
1714,72,4,G:HGNC:8008
1715,105,4,G:HGNC:14234
1716,21,4,G:HGNC:13398
1717,32,4,G:HGNC:26513
1718,18,4,G:HGNC:7677
1719,31,4,G:HGNC:29843
1720,27,4,G:HGNC:25994
1721,70,4,G:HGNC:8022
1722,27,4,G:HGNC:8021
1723,22,4,G:HGNC:8028
1724,76,4,G:HGNC:8032
1725,22,4,G:HGNC:23063
1726,64,4,G:HGNC:29929
1727,100,4,G:HGNC:8066
1728,53,4,G:HGNC:8734
1729,77,4,G:HGNC:28958
1730,30,4,G:HGNC:29914
1731,43,4,G:HGNC:18016
1732,111,4,G:HGNC:8063
1733,26,4,G:HGNC:18017
1734,90,4,G:HGNC:21042
1735,13,4,G:HGNC:8082
1736,41,4,G:HGNC:8087
1737,30,4,G:HGNC:8101
1738,52,4,G:HGNC:8104
1739,89,4,G:HGNC:8108
1740,17,4,G:HGNC:26300
1741,28,4,G:HGNC:2567
1742,102,4,G:HGNC:8127
1743,63,4,G:HGNC:8140
1744,104,4,G:HGNC:8142
1745,79,4,G:HGNC:8148
1746,17,4,G:HGNC:9936
1747,18,4,G:HGNC:4206
1748,10,4,G:HGNC:8261
1749,38,4,G:HGNC:25896
1750,55,4,G:HGNC:8487
1751,104,4,G:HGNC:8490
1752,52,4,G:HGNC:17151
1753,69,4,G:HGNC:15761
1754,71,4,G:HGNC:8507
1755,63,4,G:HGNC:21652
1756,19,4,G:HGNC:8515
1757,19,4,G:HGNC:8516
1758,7,4,G:HGNC:26901
1759,24,4,G:HGNC:25118
1760,39,4,G:HGNC:15459
1761,45,4,G:HGNC:19316
1762,40,4,G:HGNC:19317
1763,16,4,G:HGNC:8547
1764,59,4,G:HGNC:8548
1765,79,4,G:HGNC:8565
1766,48,4,G:HGNC:30032
1767,64,4,G:HGNC:23794
1768,21,4,G:HGNC:18337
1769,129,4,G:HGNC:8574
1770,74,4,G:HGNC:8592
1771,14,4,G:HGNC:29679
1772,31,4,G:HGNC:8604
1773,159,4,G:HGNC:16369
1774,39,4,G:HGNC:8609
1775,30,4,G:HGNC:8615
1776,111,4,G:HGNC:8616
1777,34,4,G:HGNC:8617
1778,18,4,G:HGNC:8618
1779,102,4,G:HGNC:8620
1780,57,4,G:HGNC:8622
1781,37,4,G:HGNC:8632
1782,22,4,G:HGNC:8636
1783,19,4,G:HGNC:8646
1784,21,4,G:HGNC:8653
1785,79,4,G:HGNC:8654
1786,19,4,G:HGNC:14270
1787,66,4,G:HGNC:8724
1788,31,4,G:HGNC:13406
1789,90,4,G:HGNC:8729
1790,39,4,G:HGNC:16068
1791,37,4,G:HGNC:8743
1792,51,4,G:HGNC:8754
1793,97,4,G:HGNC:8778
1794,97,4,G:HGNC:8783
1795,41,4,G:HGNC:8786
1796,30,4,G:HGNC:8788
1797,19,4,G:HGNC:8789
1798,14,4,G:HGNC:8790
1799,9,4,G:HGNC:8794
1800,28,4,G:HGNC:8772
1801,46,4,G:HGNC:8773
1802,113,4,G:HGNC:8800
1803,136,4,G:HGNC:8803
1804,105,4,G:HGNC:8804
1805,31,4,G:HGNC:8806
1806,26,4,G:HGNC:21350
1807,68,4,G:HGNC:8811
1808,13,4,G:HGNC:9279
1809,16,4,G:HGNC:17759
1810,14,4,G:HGNC:23041
1811,17,4,G:HGNC:8820
1812,14,4,G:HGNC:8840
1813,119,4,G:HGNC:8846
1814,40,4,G:HGNC:8847
1815,20,4,G:HGNC:8850
1816,75,4,G:HGNC:9717
1817,25,4,G:HGNC:8858
1818,24,4,G:HGNC:9719
1819,31,4,G:HGNC:8859
1820,45,4,G:HGNC:8860
1821,26,4,G:HGNC:8851
1822,57,4,G:HGNC:8853
1823,19,4,G:HGNC:8854
1824,58,4,G:HGNC:8855
1825,37,4,G:HGNC:8856
1826,30,4,G:HGNC:8857
1827,25,4,G:HGNC:9713
1828,152,4,G:HGNC:22965
1829,45,4,G:HGNC:8877
1830,25,4,G:HGNC:25712
1831,8,4,G:HGNC:17893
1832,11,4,G:HGNC:23719
1833,81,4,G:HGNC:8896
1834,22,4,G:HGNC:8905
1835,71,4,G:HGNC:8907
1836,165,4,G:HGNC:10241
1837,40,4,G:HGNC:3182
1838,47,4,G:HGNC:8918
1839,38,4,G:HGNC:18145
1840,80,4,G:HGNC:20672
1841,41,4,G:HGNC:8923
1842,42,4,G:HGNC:15673
1843,55,4,G:HGNC:8925
1844,20,4,G:HGNC:8927
1845,41,4,G:HGNC:8931
1846,30,4,G:HGNC:691
1847,50,4,G:HGNC:9143
1848,19,4,G:HGNC:8940
1849,26,4,G:HGNC:8983
1850,34,4,G:HGNC:28993
1851,56,4,G:HGNC:8957
1852,11,4,G:HGNC:8960
1853,61,4,G:HGNC:25985
1854,13,4,G:HGNC:8964
1855,44,4,G:HGNC:18858
1856,21,4,G:HGNC:8967
1857,91,4,G:HGNC:23215
1858,75,4,G:HGNC:3046
1859,51,4,G:HGNC:14937
1860,17,4,G:HGNC:14938
1861,18,4,G:HGNC:26031
1862,23,4,G:HGNC:23213
1863,10,4,G:HGNC:28570
1864,79,4,G:HGNC:8975
1865,58,4,G:HGNC:8977
1866,124,4,G:HGNC:8979
1867,37,4,G:HGNC:8980
1868,42,4,G:HGNC:23785
1869,53,4,G:HGNC:8996
1870,34,4,G:HGNC:9004
1871,40,4,G:HGNC:9005
1872,41,4,G:HGNC:9006
1873,36,4,G:HGNC:29502
1874,133,4,G:HGNC:9008
1875,16,4,G:HGNC:18053
1876,110,4,G:HGNC:9009
1877,70,4,G:HGNC:9016
1878,48,4,G:HGNC:9024
1879,34,4,G:HGNC:9040
1880,39,4,G:HGNC:9043
1881,100,4,G:HGNC:9045
1882,35,4,G:HGNC:9052
1883,70,4,G:HGNC:15917
1884,22,4,G:HGNC:9059
1885,18,4,G:HGNC:9060
1886,102,4,G:HGNC:17175
1887,98,4,G:HGNC:9066
1888,31,4,G:HGNC:9067
1889,14,4,G:HGNC:17158
1890,61,4,G:HGNC:9069
1891,69,4,G:HGNC:29515
1892,41,4,G:HGNC:29105
1893,18,4,G:HGNC:29017
1894,19,4,G:HGNC:9076
1895,23,4,G:HGNC:11397
1896,27,4,G:HGNC:9081
1897,26,4,G:HGNC:9082
1898,35,4,G:HGNC:9083
1899,39,4,G:HGNC:9086
1900,43,4,G:HGNC:9457
1901,25,4,G:HGNC:9091
1902,13,4,G:HGNC:9115
1903,31,4,G:HGNC:9118
1904,88,4,G:HGNC:18667
1905,11,4,G:HGNC:9119
1906,24,4,G:HGNC:9122
1907,49,4,G:HGNC:9153
1908,34,4,G:HGNC:9154
1909,14,4,G:HGNC:9155
1910,36,4,G:HGNC:7892
1911,23,4,G:HGNC:30802
1912,80,4,G:HGNC:16268
1913,24,4,G:HGNC:28900
1914,56,4,G:HGNC:30260
1915,76,4,G:HGNC:23166
1916,81,4,G:HGNC:24488
1917,12,4,G:HGNC:30836
1918,23,4,G:HGNC:13711
1919,102,4,G:HGNC:14988
1920,19,4,G:HGNC:22954
1921,74,4,G:HGNC:18801
1922,45,4,G:HGNC:9173
1923,45,4,G:HGNC:9175
1924,32,4,G:HGNC:9177
1925,51,4,G:HGNC:9179
1926,26,4,G:HGNC:17264
1927,22,4,G:HGNC:20194
1928,31,4,G:HGNC:20422
1929,95,4,G:HGNC:30074
1930,18,4,G:HGNC:30348
1931,30,4,G:HGNC:9201
1932,43,4,G:HGNC:19139
1933,14,4,G:HGNC:20330
1934,17,4,G:HGNC:19743
1935,23,4,G:HGNC:30129
1936,48,4,G:HGNC:9208
1937,25,4,G:HGNC:17652
1938,59,4,G:HGNC:17284
1939,21,4,G:HGNC:9220
1940,23,4,G:HGNC:21694
1941,15,4,G:HGNC:28883
1942,138,4,G:HGNC:9236
1943,41,4,G:HGNC:9255
1944,69,4,G:HGNC:9277
1945,16,4,G:HGNC:9280
1946,90,4,G:HGNC:9282
1947,183,4,G:HGNC:14951
1948,64,4,G:HGNC:9302
1949,28,4,G:HGNC:9305
1950,28,4,G:HGNC:9312
1951,62,4,G:HGNC:9314
1952,58,4,G:HGNC:9325
1953,28,4,G:HGNC:9330
1954,24,4,G:HGNC:9349
1955,28,4,G:HGNC:9350
1956,12,4,G:HGNC:13993
1957,32,4,G:HGNC:13997
1958,36,4,G:HGNC:14000
1959,37,4,G:HGNC:9352
1960,31,4,G:HGNC:30228
1961,94,4,G:HGNC:17019
1962,18,4,G:HGNC:26575
1963,75,4,G:HGNC:9388
1964,108,4,G:HGNC:9399
1965,45,4,G:HGNC:9402
1966,22,4,G:HGNC:9411
1967,66,4,G:HGNC:9407
1968,72,4,G:HGNC:9413
1969,33,4,G:HGNC:9414
1970,161,4,G:HGNC:8607
1971,34,4,G:HGNC:9438
1972,83,4,G:HGNC:9446
1973,50,4,G:HGNC:25557
1974,140,4,G:HGNC:9449
1975,15,4,G:HGNC:9453
1976,26,4,G:HGNC:18455
1977,10,4,G:HGNC:15836
1978,40,4,G:HGNC:9454
1979,23,4,G:HGNC:9456
1980,92,4,G:HGNC:17349
1981,35,4,G:HGNC:15860
1982,54,4,G:HGNC:17340
1983,24,4,G:HGNC:15446
1984,10,4,G:HGNC:9461
1985,31,4,G:HGNC:9462
1986,72,4,G:HGNC:30500
1987,38,4,G:HGNC:9142
1988,17,4,G:HGNC:13420
1989,60,4,G:HGNC:13797
1990,69,4,G:HGNC:9498
1991,86,4,G:HGNC:19129
1992,143,4,G:HGNC:9508
1993,43,4,G:HGNC:9541
1994,45,4,G:HGNC:9545
1995,11,4,G:HGNC:17928
1996,43,4,G:HGNC:9557
1997,28,4,G:HGNC:9577
1998,25,4,G:HGNC:9580
1999,88,4,G:HGNC:9585
2000,26,4,G:HGNC:9586
2001,69,4,G:HGNC:26392
2002,18,4,G:HGNC:9587
2003,240,4,G:HGNC:9588
2004,26,4,G:HGNC:9607
2005,108,4,G:HGNC:9644
2006,100,4,G:HGNC:9647
2007,97,4,G:HGNC:9666
2008,113,4,G:HGNC:9670
2009,41,4,G:HGNC:9678
2010,51,4,G:HGNC:24265
2011,17,4,G:HGNC:9689
2012,14,4,G:HGNC:17042
2013,66,4,G:HGNC:14957
2014,118,4,G:HGNC:9701
2015,17,4,G:HGNC:15508
2016,35,4,G:HGNC:25461
2017,50,4,G:HGNC:14966
2018,17,4,G:HGNC:9721
2019,13,4,G:HGNC:30262
2020,32,4,G:HGNC:9725
2021,14,4,G:HGNC:9726
2022,16,4,G:HGNC:26162
2023,25,4,G:HGNC:9751
2024,85,4,G:HGNC:9752
2025,14,4,G:HGNC:24713
2026,49,4,G:HGNC:17063
2027,32,4,G:HGNC:17168
2028,96,4,G:HGNC:9788
2029,84,4,G:HGNC:9761
2030,43,4,G:HGNC:14244
2031,61,4,G:HGNC:14263
2032,79,4,G:HGNC:9766
2033,14,4,G:HGNC:9768
2034,75,4,G:HGNC:16075
2035,40,4,G:HGNC:16499
2036,156,4,G:HGNC:9801
2037,55,4,G:HGNC:9811
2038,170,4,G:HGNC:9817
2039,36,4,G:HGNC:9820
2040,90,4,G:HGNC:9829
2041,60,4,G:HGNC:9831
2042,52,4,G:HGNC:9834
2043,82,4,G:HGNC:9848
2044,74,4,G:HGNC:9865
2045,25,4,G:HGNC:9870
2046,33,4,G:HGNC:21406
2047,41,4,G:HGNC:9871
2048,30,4,G:HGNC:18662
2049,125,4,G:HGNC:9884
2050,54,4,G:HGNC:9891
2051,25,4,G:HGNC:15864
2052,82,4,G:HGNC:9905
2053,27,4,G:HGNC:9896
2054,17,4,G:HGNC:9898
2055,50,4,G:HGNC:27424
2056,108,4,G:HGNC:21863
2057,36,4,G:HGNC:9910
2058,121,4,G:HGNC:5724
2059,27,4,G:HGNC:18243
2060,31,4,G:HGNC:19689
2061,17,4,G:HGNC:9940
2062,76,4,G:HGNC:17964
2063,102,4,G:HGNC:9944
2064,29,4,G:HGNC:9949
2065,24,4,G:HGNC:25786
2066,31,4,G:HGNC:17975
2067,32,4,G:HGNC:9956
2068,58,4,G:HGNC:9957
2069,31,4,G:HGNC:9958
2070,29,4,G:HGNC:15578
2071,27,4,G:HGNC:9965
2072,157,4,G:HGNC:9966
2073,74,4,G:HGNC:9967
2074,13,4,G:HGNC:25964
2075,80,4,G:HGNC:30220
2076,53,4,G:HGNC:25539
2077,17,4,G:HGNC:9986
2078,24,4,G:HGNC:21478
2079,18,4,G:HGNC:9987
2080,29,4,G:HGNC:9988
2081,21,4,G:HGNC:10006
2082,17,4,G:HGNC:20788
2083,34,4,G:HGNC:10012
2084,22,4,G:HGNC:18756
2085,15,4,G:HGNC:18750
2086,21,4,G:HGNC:496
2087,14,4,G:HGNC:21390
2088,13,4,G:HGNC:10023
2089,102,4,G:HGNC:13429
2090,38,4,G:HGNC:21176
2091,51,4,G:HGNC:18466
2092,16,4,G:HGNC:18518
2093,72,4,G:HGNC:25671
2094,17,4,G:HGNC:21686
2095,19,4,G:HGNC:18505
2096,16,4,G:HGNC:12974
2097,51,4,G:HGNC:21150
2098,60,4,G:HGNC:26661
2099,34,4,G:HGNC:25358
2100,69,4,G:HGNC:21698
2101,10,4,G:HGNC:18666
2102,14,4,G:HGNC:13433
2103,23,4,G:HGNC:29478
2104,32,4,G:HGNC:10256
2105,53,4,G:HGNC:10257
2106,163,4,G:HGNC:10258
2107,36,4,G:HGNC:10260
2108,24,4,G:HGNC:10263
2109,18,4,G:HGNC:15946
2110,33,4,G:HGNC:10294
2111,16,4,G:HGNC:10295
2112,44,4,G:HGNC:29168
2113,19,4,G:HGNC:10297
2114,51,4,G:HGNC:10360
2115,44,4,G:HGNC:10298
2116,39,4,G:HGNC:10301
2117,38,4,G:HGNC:10306
2118,25,4,G:HGNC:10313
2119,38,4,G:HGNC:10327
2120,28,4,G:HGNC:10328
2121,48,4,G:HGNC:10345
2122,76,4,G:HGNC:10432
2123,59,4,G:HGNC:10440
2124,28,4,G:HGNC:10383
2125,61,4,G:HGNC:10387
2126,35,4,G:HGNC:10397
2127,84,4,G:HGNC:10402
2128,37,4,G:HGNC:10410
2129,78,4,G:HGNC:10411
2130,43,4,G:HGNC:10414
2131,45,4,G:HGNC:10416
2132,40,4,G:HGNC:10418
2133,22,4,G:HGNC:10419
2134,39,4,G:HGNC:6502
2135,21,4,G:HGNC:17296
2136,54,4,G:HGNC:10457
2137,24,4,G:HGNC:21054
2138,16,4,G:HGNC:21679
2139,25,4,G:HGNC:28583
2140,11,4,G:HGNC:16175
2141,7,4,G:HGNC:29420
2142,32,4,G:HGNC:15888
2143,75,4,G:HGNC:10468
2144,49,4,G:HGNC:18601
2145,52,4,G:HGNC:18654
2146,44,4,G:HGNC:28991
2147,97,4,G:HGNC:10471
2148,63,4,G:HGNC:10472
2149,27,4,G:HGNC:23625
2150,9,4,G:HGNC:13530
2151,73,4,G:HGNC:10484
2152,83,4,G:HGNC:3169
2153,38,4,G:HGNC:10519
2154,17,4,G:HGNC:10521
2155,94,4,G:HGNC:10524
2156,37,4,G:HGNC:10526
2157,23,4,G:HGNC:15924
2158,9,4,G:HGNC:1348
2159,40,4,G:HGNC:1349
2160,72,4,G:HGNC:31750
2161,48,4,G:HGNC:15925
2162,103,4,G:HGNC:10535
2163,25,4,G:HGNC:10537
2164,14,4,G:HGNC:17697
2165,14,4,G:HGNC:25403
2166,84,4,G:HGNC:21637
2167,23,4,G:HGNC:19440
2168,32,4,G:HGNC:10542
2169,20,4,G:HGNC:2135
2170,56,4,G:HGNC:10547
2171,69,4,G:HGNC:1665
2172,22,4,G:HGNC:19869
2173,41,4,G:HGNC:10585
2174,51,4,G:HGNC:10586
2175,30,4,G:HGNC:10588
2176,62,4,G:HGNC:10589
2177,20,4,G:HGNC:10590
2178,43,4,G:HGNC:20665
2179,26,4,G:HGNC:10591
2180,21,4,G:HGNC:10592
2181,37,4,G:HGNC:10596
2182,32,4,G:HGNC:10597
2183,18,4,G:HGNC:10583
2184,24,4,G:HGNC:10599
2185,36,4,G:HGNC:10602
2186,100,4,G:HGNC:10603
2187,22,4,G:HGNC:10604
2188,40,4,G:HGNC:10606
2189,22,4,G:HGNC:14372
2190,21,4,G:HGNC:10671
2191,24,4,G:HGNC:10680
2192,23,4,G:HGNC:33867
2193,35,4,G:HGNC:26034
2194,22,4,G:HGNC:10681
2195,21,4,G:HGNC:10682
2196,46,4,G:HGNC:10683
2197,20,4,G:HGNC:29958
2198,45,4,G:HGNC:10701
2199,71,4,G:HGNC:10702
2200,45,4,G:HGNC:10706
2201,43,4,G:HGNC:18276
2202,81,4,G:HGNC:21082
2203,17,4,G:HGNC:10719
2204,17,4,G:HGNC:30605
2205,62,4,G:HGNC:21061
2206,29,4,G:HGNC:8941
2207,22,4,G:HGNC:8950
2208,54,4,G:HGNC:775
2209,15,4,G:HGNC:4838
2210,64,4,G:HGNC:8583
2211,94,4,G:HGNC:1546
2212,15,4,G:HGNC:8943
2213,89,4,G:HGNC:10760
2214,53,4,G:HGNC:15573
2215,44,4,G:HGNC:18420
2216,96,4,G:HGNC:25566
2217,60,4,G:HGNC:445
2218,20,4,G:HGNC:10771
2219,28,4,G:HGNC:10778
2220,43,4,G:HGNC:10801
2221,28,4,G:HGNC:16088
2222,16,4,G:HGNC:10806
2223,60,4,G:HGNC:10807
2224,66,4,G:HGNC:25088
2225,132,4,G:HGNC:10817
2226,13,4,G:HGNC:10818
2227,82,4,G:HGNC:29605
2228,23,4,G:HGNC:10820
2229,38,4,G:HGNC:10825
2230,44,4,G:HGNC:29242
2231,103,4,G:HGNC:29427
2232,180,4,G:HGNC:10848
2233,173,4,G:HGNC:15454
2234,35,4,G:HGNC:1492
2235,54,4,G:HGNC:29215
2236,22,4,G:HGNC:15622
2237,41,4,G:HGNC:8157
2238,122,4,G:HGNC:11142
2239,39,4,G:HGNC:29165
2240,13,4,G:HGNC:24624
2241,74,4,G:HGNC:19353
2242,26,4,G:HGNC:23801
2243,138,4,G:HGNC:10887
2244,102,4,G:HGNC:10889
2245,32,4,G:HGNC:10892
2246,215,4,G:HGNC:10896
2247,13,4,G:HGNC:10898
2248,76,4,G:HGNC:10940
2249,36,4,G:HGNC:10941
2250,65,4,G:HGNC:10942
2251,94,4,G:HGNC:11005
2252,31,4,G:HGNC:13446
2253,12,4,G:HGNC:13444
2254,23,4,G:HGNC:11025
2255,93,4,G:HGNC:11027
2256,33,4,G:HGNC:11030
2257,15,4,G:HGNC:11036
2258,21,4,G:HGNC:11037
2259,31,4,G:HGNC:11040
2260,37,4,G:HGNC:14025
2261,40,4,G:HGNC:11042
2262,23,4,G:HGNC:11051
2263,76,4,G:HGNC:11055
2264,36,4,G:HGNC:11056
2265,33,4,G:HGNC:31399
2266,18,4,G:HGNC:27960
2267,20,4,G:HGNC:30927
2268,27,4,G:HGNC:11065
2269,20,4,G:HGNC:11067
2270,54,4,G:HGNC:29326
2271,104,4,G:HGNC:11071
2272,36,4,G:HGNC:11073
2273,73,4,G:HGNC:11075
2274,41,4,G:HGNC:11079
2275,41,4,G:HGNC:10912
2276,61,4,G:HGNC:13818
2277,21,4,G:HGNC:10914
2278,142,4,G:HGNC:10922
2279,14,4,G:HGNC:10923
2280,31,4,G:HGNC:10931
2281,38,4,G:HGNC:10933
2282,28,4,G:HGNC:20151
2283,29,4,G:HGNC:10935
2284,21,4,G:HGNC:10938
2285,93,4,G:HGNC:16266
2286,17,4,G:HGNC:10947
2287,26,4,G:HGNC:10969
2288,31,4,G:HGNC:17989
2289,16,4,G:HGNC:10964
2290,113,4,G:HGNC:10978
2291,23,4,G:HGNC:10979
2292,32,4,G:HGNC:10990
2293,72,4,G:HGNC:10982
2294,28,4,G:HGNC:10983
2295,27,4,G:HGNC:10985
2296,18,4,G:HGNC:14409
2297,15,4,G:HGNC:1421
2298,26,4,G:HGNC:19954
2299,19,4,G:HGNC:20662
2300,22,4,G:HGNC:20661
2301,74,4,G:HGNC:29683
2302,12,4,G:HGNC:26054
2303,49,4,G:HGNC:25198
2304,86,4,G:HGNC:10994
2305,33,4,G:HGNC:3018
2306,29,4,G:HGNC:8818
2307,12,4,G:HGNC:23096
2308,23,4,G:HGNC:11013
2309,28,4,G:HGNC:1329
2310,41,4,G:HGNC:25355
2311,63,4,G:HGNC:95
2312,22,4,G:HGNC:11020
2313,27,4,G:HGNC:11021
2314,22,4,G:HGNC:11022
2315,25,4,G:HGNC:11023
2316,20,4,G:HGNC:20197
2317,31,4,G:HGNC:20800
2318,37,4,G:HGNC:18762
2319,28,4,G:HGNC:4061
2320,16,4,G:HGNC:20862
2321,28,4,G:HGNC:20859
2322,37,4,G:HGNC:20858
2323,28,4,G:HGNC:10909
2324,8,4,G:HGNC:17939
2325,52,4,G:HGNC:30521
2326,10,4,G:HGNC:30225
2327,15,4,G:HGNC:30224
2328,13,4,G:HGNC:16187
2329,14,4,G:HGNC:10959
2330,37,4,G:HGNC:10961
2331,13,4,G:HGNC:10955
2332,35,4,G:HGNC:19046
2333,21,4,G:HGNC:20297
2334,62,4,G:HGNC:23845
2335,142,4,G:HGNC:6769
2336,183,4,G:HGNC:6770
2337,80,4,G:HGNC:6772
2338,64,4,G:HGNC:6774
2339,43,4,G:HGNC:11098
2340,63,4,G:HGNC:11100
2341,67,4,G:HGNC:18398
2342,23,4,G:HGNC:11102
2343,52,4,G:HGNC:11103
2344,21,4,G:HGNC:11107
2345,77,4,G:HGNC:11109
2346,108,4,G:HGNC:11111
2347,59,4,G:HGNC:2468
2348,45,4,G:HGNC:29090
2349,34,4,G:HGNC:11117
2350,85,4,G:HGNC:11119
2351,90,4,G:HGNC:20318
2352,41,4,G:HGNC:20323
2353,37,4,G:HGNC:11120
2354,52,4,G:HGNC:11123
2355,91,4,G:HGNC:11094
2356,74,4,G:HGNC:11132
2357,78,4,G:HGNC:11133
2358,146,4,G:HGNC:11138
2359,32,4,G:HGNC:11140
2360,29,4,G:HGNC:30587
2361,56,4,G:HGNC:11153
2362,19,4,G:HGNC:11164
2363,29,4,G:HGNC:11167
2364,45,4,G:HGNC:14974
2365,18,4,G:HGNC:21335
2366,41,4,G:HGNC:29256
2367,116,4,G:HGNC:16852
2368,94,4,G:HGNC:11179
2369,88,4,G:HGNC:11183
2370,58,4,G:HGNC:11186
2371,74,4,G:HGNC:11187
2372,33,4,G:HGNC:11188
2373,23,4,G:HGNC:13771
2374,26,4,G:HGNC:11199
2375,54,4,G:HGNC:11201
2376,167,4,G:HGNC:11204
2377,109,4,G:HGNC:11191
2378,82,4,G:HGNC:18122
2379,37,4,G:HGNC:11194
2380,20,4,G:HGNC:17321
2381,14,4,G:HGNC:11212
2382,66,4,G:HGNC:11219
2383,57,4,G:HGNC:18514
2384,102,4,G:HGNC:11233
2385,82,4,G:HGNC:18119
2386,21,4,G:HGNC:29022
2387,22,4,G:HGNC:11226
2388,15,4,G:HGNC:11244
2389,29,4,G:HGNC:15464
2390,22,4,G:HGNC:11247
2391,14,4,G:HGNC:11257
2392,141,4,G:HGNC:20249
2393,52,4,G:HGNC:25356
2394,52,4,G:HGNC:11270
2395,79,4,G:HGNC:15533
2396,41,4,G:HGNC:11272
2397,27,4,G:HGNC:11273
2398,21,4,G:HGNC:11274
2399,78,4,G:HGNC:11276
2400,35,4,G:HGNC:11277
2401,91,4,G:HGNC:11278
2402,97,4,G:HGNC:11280
2403,164,4,G:HGNC:11283
2404,150,4,G:HGNC:16974
2405,25,4,G:HGNC:25812
2406,61,4,G:HGNC:17382
2407,25,4,G:HGNC:11303
2408,6,4,G:HGNC:11326
2409,31,4,G:HGNC:10872
2410,17,4,G:HGNC:11344
2411,38,4,G:HGNC:11354
2412,57,4,G:HGNC:16950
2413,98,4,G:HGNC:11362
2414,71,4,G:HGNC:11363
2415,173,4,G:HGNC:11364
2416,54,4,G:HGNC:24592
2417,40,4,G:HGNC:10879
2418,44,4,G:HGNC:11386
2419,78,4,G:HGNC:11389
2420,32,4,G:HGNC:26200
2421,10,4,G:HGNC:16035
2422,53,4,G:HGNC:11425
2423,20,4,G:HGNC:6172
2424,20,4,G:HGNC:30611
2425,59,4,G:HGNC:11427
2426,76,4,G:HGNC:18539
2427,24,4,G:HGNC:11429
2428,99,4,G:HGNC:11431
2429,60,4,G:HGNC:11444
2430,20,4,G:HGNC:11448
2431,20,4,G:HGNC:11449
2432,39,4,G:HGNC:16466
2433,6,4,G:HGNC:16001
2434,39,4,G:HGNC:20391
2435,14,4,G:HGNC:20376
2436,181,4,G:HGNC:12502
2437,36,4,G:HGNC:11460
2438,9,4,G:HGNC:28852
2439,30,4,G:HGNC:11494
2440,17,4,G:HGNC:11495
2441,37,4,G:HGNC:17089
2442,47,4,G:HGNC:17084
2443,39,4,G:HGNC:11497
2444,39,4,G:HGNC:11503
2445,42,4,G:HGNC:11506
2446,84,4,G:HGNC:11510
2447,5,4,G:HGNC:23143
2448,39,4,G:HGNC:29040
2449,71,4,G:HGNC:17075
2450,10,4,G:HGNC:11521
2451,66,4,G:HGNC:24316
2452,70,4,G:HGNC:11528
2453,28,4,G:HGNC:11530
2454,81,4,G:HGNC:11535
2455,24,4,G:HGNC:11536
2456,24,4,G:HGNC:11538
2457,33,4,G:HGNC:11540
2458,75,4,G:HGNC:11546
2459,20,4,G:HGNC:11559
2460,87,4,G:HGNC:25439
2461,23,4,G:HGNC:26887
2462,86,4,G:HGNC:11571
2463,12,4,G:HGNC:30740
2464,42,4,G:HGNC:11577
2465,18,4,G:HGNC:21066
2466,31,4,G:HGNC:16133
2467,49,4,G:HGNC:29203
2468,25,4,G:HGNC:11581
2469,15,4,G:HGNC:11582
2470,33,4,G:HGNC:28261
2471,61,4,G:HGNC:11584
2472,136,4,G:HGNC:29529
2473,50,4,G:HGNC:11588
2474,74,4,G:HGNC:11592
2475,59,4,G:HGNC:11602
2476,48,4,G:HGNC:11603
2477,47,4,G:HGNC:11604
2478,26,4,G:HGNC:11594
2479,53,4,G:HGNC:11595
2480,25,4,G:HGNC:11596
2481,100,4,G:HGNC:11608
2482,15,4,G:HGNC:11609
2483,46,4,G:HGNC:11633
2484,42,4,G:HGNC:11634
2485,41,4,G:HGNC:11623
2486,50,4,G:HGNC:11653
2487,14,4,G:HGNC:28482
2488,18,4,G:HGNC:26113
2489,20,4,G:HGNC:25774
2490,12,4,G:HGNC:24519
2491,15,4,G:HGNC:30831
2492,73,4,G:HGNC:19957
2493,17,4,G:HGNC:4551
2494,66,4,G:HGNC:11724
2495,31,4,G:HGNC:29099
2496,34,4,G:HGNC:29944
2497,46,4,G:HGNC:29945
2498,84,4,G:HGNC:11730
2499,12,4,G:HGNC:11738
2500,77,4,G:HGNC:11741
2501,99,4,G:HGNC:11742
2502,101,4,G:HGNC:11743
2503,18,4,G:HGNC:11758
2504,112,4,G:HGNC:11763
2505,33,4,G:HGNC:11764
2506,5,4,G:HGNC:20324
2507,234,4,G:HGNC:11766
2508,148,4,G:HGNC:11768
2509,76,4,G:HGNC:11769
2510,49,4,G:HGNC:11771
2511,148,4,G:HGNC:11772
2512,199,4,G:HGNC:11773
2513,20,4,G:HGNC:11777
2514,86,4,G:HGNC:11782
2515,103,4,G:HGNC:20856
2516,36,4,G:HGNC:11784
2517,36,4,G:HGNC:19073
2518,20,4,G:HGNC:28369
2519,21,4,G:HGNC:11795
2520,122,4,G:HGNC:11796
2521,24,4,G:HGNC:11802
2522,43,4,G:HGNC:18348
2523,136,4,G:HGNC:11817
2524,80,4,G:HGNC:23656
2525,12,4,G:HGNC:1321
2526,41,4,G:HGNC:11822
2527,22,4,G:HGNC:11824
2528,26,4,G:HGNC:11828
2529,20,4,G:HGNC:11831
2530,29,4,G:HGNC:11834
2531,42,4,G:HGNC:11842
2532,31,4,G:HGNC:11843
2533,91,4,G:HGNC:11848
2534,82,4,G:HGNC:11849
2535,36,4,G:HGNC:26230
2536,114,4,G:HGNC:18188
2537,62,4,G:HGNC:28472
2538,66,4,G:HGNC:28396
2539,32,4,G:HGNC:26050
2540,33,4,G:HGNC:24529
2541,82,4,G:HGNC:22407
2542,21,4,G:HGNC:28128
2543,8,4,G:HGNC:25382
2544,21,4,G:HGNC:30883
2545,40,4,G:HGNC:26944
2546,19,4,G:HGNC:30760
2547,47,4,G:HGNC:27962
2548,57,4,G:HGNC:18085
2549,49,4,G:HGNC:25018
2550,34,4,G:HGNC:37234
2551,21,4,G:HGNC:14432
2552,53,4,G:HGNC:18308
2553,32,4,G:HGNC:16517
2554,67,4,G:HGNC:26899
2555,37,4,G:HGNC:5318
2556,140,4,G:HGNC:11896
2557,42,4,G:HGNC:11916
2558,55,4,G:HGNC:11908
2559,24,4,G:HGNC:11909
2560,26,4,G:HGNC:18153
2561,141,4,G:HGNC:17755
2562,34,4,G:HGNC:30765
2563,33,4,G:HGNC:11943
2564,32,4,G:HGNC:11947
2565,17,4,G:HGNC:19661
2566,28,4,G:HGNC:11949
2567,64,4,G:HGNC:17103
2568,20,4,G:HGNC:11976
2569,17,4,G:HGNC:15954
2570,36,4,G:HGNC:11992
2571,50,4,G:HGNC:3098
2572,68,4,G:HGNC:29456
2573,302,4,G:HGNC:11998
2574,28,4,G:HGNC:16197
2575,92,4,G:HGNC:15979
2576,47,4,G:HGNC:12009
2577,25,4,G:HGNC:17358
2578,63,4,G:HGNC:12010
2579,49,4,G:HGNC:12011
2580,140,4,G:HGNC:12012
2581,19,4,G:HGNC:12015
2582,56,4,G:HGNC:2073
2583,18,4,G:HGNC:24259
2584,10,4,G:HGNC:26894
2585,69,4,G:HGNC:17861
2586,104,4,G:HGNC:1343
2587,34,4,G:HGNC:20456
2588,17,4,G:HGNC:30764
2589,108,4,G:HGNC:23068
2590,18,4,G:HGNC:30832
2591,12,4,G:HGNC:25751
2592,20,4,G:HGNC:24284
2593,48,4,G:HGNC:12261
2594,10,4,G:HGNC:12266
2595,50,4,G:HGNC:15974
2596,60,4,G:HGNC:16380
2597,34,4,G:HGNC:16280
2598,96,4,G:HGNC:7523
2599,77,4,G:HGNC:19016
2600,24,4,G:HGNC:12303
2601,91,4,G:HGNC:17009
2602,36,4,G:HGNC:12310
2603,56,4,G:HGNC:12305
2604,25,4,G:HGNC:12306
2605,36,4,G:HGNC:12307
2606,13,4,G:HGNC:20286
2607,50,4,G:HGNC:23141
2608,16,4,G:HGNC:28403
2609,41,4,G:HGNC:26022
2610,13,4,G:HGNC:25481
2611,24,4,G:HGNC:17341
2612,26,4,G:HGNC:497
2613,52,4,G:HGNC:12335
2614,34,4,G:HGNC:12338
2615,47,4,G:HGNC:17993
2616,42,4,G:HGNC:17995
2617,85,4,G:HGNC:12340
2618,13,4,G:HGNC:18084
2619,88,4,G:HGNC:18083
2620,84,4,G:HGNC:12362
2621,46,4,G:HGNC:12363
2622,16,4,G:HGNC:28422
2623,11,4,G:HGNC:16791
2624,34,4,G:HGNC:27561
2625,16,4,G:HGNC:12367
2626,12,4,G:HGNC:14927
2627,15,4,G:HGNC:12372
2628,29,4,G:HGNC:12373
2629,25,4,G:HGNC:10669
2630,5,4,G:HGNC:11854
2631,27,4,G:HGNC:21641
2632,101,4,G:HGNC:12382
2633,6,4,G:HGNC:25455
2634,10,4,G:HGNC:19750
2635,40,4,G:HGNC:20087
2636,14,4,G:HGNC:26006
2637,55,4,G:HGNC:25660
2638,33,4,G:HGNC:23639
2639,8,4,G:HGNC:26262
2640,35,4,G:HGNC:19963
2641,56,4,G:HGNC:12403
2642,43,4,G:HGNC:12405
2643,39,4,G:HGNC:12406
2644,38,4,G:HGNC:20766
2645,10,4,G:HGNC:24071
2646,71,4,G:HGNC:20778
2647,13,4,G:HGNC:16257
2648,197,4,G:HGNC:12412
2649,26,4,G:HGNC:30829
2650,31,4,G:HGNC:20772
2651,41,4,G:HGNC:20774
2652,41,4,G:HGNC:20771
2653,16,4,G:HGNC:20776
2654,22,4,G:HGNC:20773
2655,54,4,G:HGNC:12417
2656,34,4,G:HGNC:16691
2657,23,4,G:HGNC:18127
2658,22,4,G:HGNC:12420
2659,45,4,G:HGNC:12423
2660,19,4,G:HGNC:30242
2661,101,4,G:HGNC:12428
2662,18,4,G:HGNC:20670
2663,29,4,G:HGNC:17772
2664,26,4,G:HGNC:30551
2665,27,4,G:HGNC:18155
2666,23,4,G:HGNC:12440
2667,21,4,G:HGNC:3148
2668,52,4,G:HGNC:12450
2669,54,4,G:HGNC:12469
2670,28,4,G:HGNC:23230
2671,53,4,G:HGNC:12472
2672,49,4,G:HGNC:12496
2673,10,4,G:HGNC:13478
2674,22,4,G:HGNC:12509
2675,26,4,G:HGNC:16808
2676,93,4,G:HGNC:12511
2677,37,4,G:HGNC:12513
2678,33,4,G:HGNC:12517
2679,33,4,G:HGNC:12518
2680,24,4,G:HGNC:12519
2681,15,4,G:HGNC:26941
2682,63,4,G:HGNC:20597
2683,15,4,G:HGNC:25640
2684,64,4,G:HGNC:12563
2685,18,4,G:HGNC:14304
2686,20,4,G:HGNC:26582
2687,20,4,G:HGNC:12565
2688,44,4,G:HGNC:12572
2689,20,4,G:HGNC:20439
2690,11,4,G:HGNC:34399
2691,67,4,G:HGNC:12582
2692,22,4,G:HGNC:12586
2693,55,4,G:HGNC:29594
2694,8,4,G:HGNC:26444
2695,22,4,G:HGNC:12592
2696,28,4,G:HGNC:25792
2697,36,4,G:HGNC:12597
2698,55,4,G:HGNC:16356
2699,36,4,G:HGNC:12601
2700,63,4,G:HGNC:12632
2701,17,4,G:HGNC:12616
2702,17,4,G:HGNC:13486
2703,11,4,G:HGNC:29304
2704,34,4,G:HGNC:25507
2705,45,4,G:HGNC:12642
2706,57,4,G:HGNC:15512
2707,49,4,G:HGNC:12649
2708,19,4,G:HGNC:12651
2709,41,4,G:HGNC:2464
2710,85,4,G:HGNC:12665
2711,115,4,G:HGNC:12666
2712,95,4,G:HGNC:12679
2713,66,4,G:HGNC:12682
2714,68,4,G:HGNC:12687
2715,66,4,G:HGNC:12692
2716,20,4,G:HGNC:20347
2717,109,4,G:HGNC:12698
2718,69,4,G:HGNC:22082
2719,32,4,G:HGNC:14583
2720,23,4,G:HGNC:1908
2721,10,4,G:HGNC:2183
2722,25,4,G:HGNC:23594
2723,38,4,G:HGNC:23595
2724,53,4,G:HGNC:18179
2725,32,4,G:HGNC:12712
2726,99,4,G:HGNC:13487
2727,57,4,G:HGNC:24928
2728,30,4,G:HGNC:14579
2729,85,4,G:HGNC:25608
2730,31,4,G:HGNC:12718
2731,110,4,G:HGNC:17327
2732,25,4,G:HGNC:12730
2733,12,4,G:HGNC:29174
2734,68,4,G:HGNC:12738
2735,25,4,G:HGNC:20751
2736,49,4,G:HGNC:28027
2737,26,4,G:HGNC:13831
2738,36,4,G:HGNC:18340
2739,77,4,G:HGNC:21208
2740,19,4,G:HGNC:28296
2741,40,4,G:HGNC:29250
2742,18,4,G:HGNC:28912
2743,36,4,G:HGNC:25072
2744,22,4,G:HGNC:21862
2745,21,4,G:HGNC:24502
2746,17,4,G:HGNC:28506
2747,28,4,G:HGNC:26790
2748,73,4,G:HGNC:25928
2749,58,4,G:HGNC:26600
2750,30,4,G:HGNC:19684
2751,48,4,G:HGNC:12762
2752,33,4,G:HGNC:16361
2753,155,4,G:HGNC:14540
2754,26,4,G:HGNC:14544
2755,78,4,G:HGNC:12774
2756,54,4,G:HGNC:12781
2757,72,4,G:HGNC:12782
2758,106,4,G:HGNC:12783
2759,194,4,G:HGNC:12784
2760,87,4,G:HGNC:12786
2761,42,4,G:HGNC:13829
2762,52,4,G:HGNC:12775
2763,34,4,G:HGNC:25522
2764,118,4,G:HGNC:12791
2765,105,4,G:HGNC:12796
2766,261,4,G:HGNC:592
2767,19,4,G:HGNC:12811
2768,36,4,G:HGNC:12816
2769,76,4,G:HGNC:28052
2770,45,4,G:HGNC:12827
2771,38,4,G:HGNC:12828
2772,91,4,G:HGNC:12829
2773,18,4,G:HGNC:15516
2774,23,4,G:HGNC:15517
2775,107,4,G:HGNC:16262
2776,69,4,G:HGNC:12840
2777,29,4,G:HGNC:24249
2778,96,4,G:HGNC:12843
2779,182,4,G:HGNC:12851
2780,59,4,G:HGNC:12852
2781,146,4,G:HGNC:12856
2782,14,4,G:HGNC:30935
2783,37,4,G:HGNC:12858
2784,93,4,G:HGNC:12930
2785,170,4,G:HGNC:13030
2786,103,4,G:HGNC:13503
2787,41,4,G:HGNC:21143
2788,18,4,G:HGNC:32550
2789,21,4,G:HGNC:20509
2790,17,4,G:HGNC:24931
2791,50,4,G:HGNC:20342
2792,60,4,G:HGNC:14881
2793,21,4,G:HGNC:20152
2794,37,4,G:HGNC:16700
2795,71,4,G:HGNC:20761
2796,45,4,G:HGNC:26559
2797,32,4,G:HGNC:12873
2798,28,4,G:HGNC:12874
2799,65,4,G:HGNC:12877
2800,44,4,G:HGNC:16966
2801,31,4,G:HGNC:12926
2802,75,4,G:HGNC:12933
2803,11,4,G:HGNC:20041
2804,19,4,G:HGNC:16762
2805,16,4,G:HGNC:26498
2806,69,4,G:HGNC:29222
2807,15,4,G:HGNC:29277
2808,83,4,G:HGNC:13128
2809,20,4,G:HGNC:12309
2810,36,4,G:HGNC:13189
2811,43,4,G:HGNC:29316
2812,48,4,G:HGNC:2452
